geography,Visit,Age Group,month,Year,Race,Frequency,Population,rate,sex
Ohio,Inpatient,0-4,All,2013,White,813,"542,542",15,All
Ohio,Inpatient,0-4,All,2013,Black,730,"132,761",55,All
Ohio,Inpatient,0-4,All,2013,Total,"1,543","675,303",22.8,All
Ohio,Inpatient,0-4,All,2014,White,833,"541,326",15.4,All
Ohio,Inpatient,0-4,All,2014,Black,922,"133,899",68.9,All
Ohio,Inpatient,0-4,All,2014,Total,"1,755","675,225",26,All
Ohio,Inpatient,0-4,All,2015,White,670,"540,765",12.4,All
Ohio,Inpatient,0-4,All,2015,Black,662,"133,760",49.5,All
Ohio,Inpatient,0-4,All,2015,Total,"1,332","674,525",19.7,All
Ohio,Inpatient,0-4,All,2016,White,602,"541,923",11.1,All
Ohio,Inpatient,0-4,All,2016,Black,627,"132,450",47.3,All
Ohio,Inpatient,0-4,All,2016,Total,"1,229","674,373",18.2,All
Ohio,Inpatient,5-14,All,2013,White,863,"1,573,546",5.5,All
Ohio,Inpatient,5-14,All,2013,Black,"1,004","330,883",30.3,All
Ohio,Inpatient,5-14,All,2013,Total,"1,867","1,904,429",9.8,All
Ohio,Inpatient,5-14,All,2014,White,"1,016","1,557,347",6.5,All
Ohio,Inpatient,5-14,All,2014,Black,"1,357","332,518",40.8,All
Ohio,Inpatient,5-14,All,2014,Total,"2,373","1,889,865",12.6,All
Ohio,Inpatient,5-14,All,2015,White,727,"1,540,251",4.7,All
Ohio,Inpatient,5-14,All,2015,Black,"1,107","334,263",33.1,All
Ohio,Inpatient,5-14,All,2015,Total,"1,834","1,874,514",9.8,All
Ohio,Inpatient,5-14,All,2016,White,655,"1,521,745",4.3,All
Ohio,Inpatient,5-14,All,2016,Black,848,"335,101",25.3,All
Ohio,Inpatient,5-14,All,2016,Total,"1,503","1,856,846",8.1,All
Ohio,Inpatient,15-34,All,2013,White,747,"2,086,971",3.6,All
Ohio,Inpatient,15-34,All,2013,Black,515,"392,883",13.1,All
Ohio,Inpatient,15-34,All,2013,Total,"1,262","2,479,854",5.1,All
Ohio,Inpatient,15-34,All,2014,White,713,"2,088,426",3.4,All
Ohio,Inpatient,15-34,All,2014,Black,525,"398,040",13.2,All
Ohio,Inpatient,15-34,All,2014,Total,"1,238","2,486,466",5,All
Ohio,Inpatient,15-34,All,2015,White,585,"2,080,699",2.8,All
Ohio,Inpatient,15-34,All,2015,Black,428,"402,316",10.6,All
Ohio,Inpatient,15-34,All,2015,Total,"1,013","2,483,015",4.1,All
Ohio,Inpatient,15-34,All,2016,White,442,"2,077,280",2.1,All
Ohio,Inpatient,15-34,All,2016,Black,321,"408,306",7.9,All
Ohio,Inpatient,15-34,All,2016,Total,763,"2,485,586",3.1,All
Ohio,Inpatient,35-64,All,2013,White,"3,964","3,953,889",10,All
Ohio,Inpatient,35-64,All,2013,Black,"2,189","539,900",40.5,All
Ohio,Inpatient,35-64,All,2013,Total,"6,153","4,493,789",13.7,All
Ohio,Inpatient,35-64,All,2014,White,"3,920","3,924,919",10,All
Ohio,Inpatient,35-64,All,2014,Black,"2,204","542,089",40.7,All
Ohio,Inpatient,35-64,All,2014,Total,"6,124","4,467,008",13.7,All
Ohio,Inpatient,35-64,All,2015,White,"3,084","3,898,306",7.9,All
Ohio,Inpatient,35-64,All,2015,Black,"1,902","544,859",34.9,All
Ohio,Inpatient,35-64,All,2015,Total,"4,986","4,443,165",11.2,All
Ohio,Inpatient,35-64,All,2016,White,"1,180","3,867,640",3.1,All
Ohio,Inpatient,35-64,All,2016,Black,827,"545,939",15.1,All
Ohio,Inpatient,35-64,All,2016,Total,"2,007","4,413,579",4.5,All
Ohio,Inpatient,65,All,2013,White,"3,024","1,575,672",19.2,All
Ohio,Inpatient,65,All,2013,Black,799,"152,993",52.2,All
Ohio,Inpatient,65,All,2013,Total,"3,823","1,728,665",22.1,All
Ohio,Inpatient,65,All,2014,White,"2,863","1,616,308",17.7,All
Ohio,Inpatient,65,All,2014,Black,781,"158,597",49.2,All
Ohio,Inpatient,65,All,2014,Total,"3,645","1,774,905",20.5,All
Ohio,Inpatient,65,All,2015,White,"2,414","1,652,789",14.6,All
Ohio,Inpatient,65,All,2015,Black,742,"164,455",45.1,All
Ohio,Inpatient,65,All,2015,Total,"3,156","1,817,244",17.4,All
Ohio,Inpatient,65,All,2016,White,543,"1,688,518",3.2,All
Ohio,Inpatient,65,All,2016,Black,164,"170,440",9.6,All
Ohio,Inpatient,65,All,2016,Total,707,"1,858,958",3.8,All
Ohio,Inpatient,All,All,2013,White,"9,411","9,732,620",9.7,All
Ohio,Inpatient,All,All,2013,Black,"5,237","1,549,420",33.8,All
Ohio,Inpatient,All,All,2013,Total,"14,648","11,282,040",13,All
Ohio,Inpatient,All,All,2014,White,"9,345","9,728,326",9.6,All
Ohio,Inpatient,All,All,2014,Black,"5,789","1,565,143",37,All
Ohio,Inpatient,All,All,2014,Total,"15,135","11,293,469",13.4,All
Ohio,Inpatient,All,All,2015,White,"7,480","9,712,810",7.7,All
Ohio,Inpatient,All,All,2015,Black,"4,841","1,579,653",30.6,All
Ohio,Inpatient,All,All,2015,Total,"12,321","11,292,463",10.9,All
Ohio,Inpatient,All,All,2016,White,"3,422","9,697,106",3.5,All
Ohio,Inpatient,All,All,2016,Black,"2,787","1,592,236",17.5,All
Ohio,Inpatient,All,All,2016,Total,"6,209","11,289,342",5.5,All
Ohio,ED,0-4,All,2013,White,"3,205","542,542",59.1,All
Ohio,ED,0-4,All,2013,Black,"2,811","132,761",211.7,All
Ohio,ED,0-4,All,2013,Total,"6,016","675,303",89.1,All
Ohio,ED,0-4,All,2014,White,"3,166","541,326",58.5,All
Ohio,ED,0-4,All,2014,Black,"3,053","133,899",228,All
Ohio,ED,0-4,All,2014,Total,"6,219","675,225",92.1,All
Ohio,ED,0-4,All,2015,White,"2,745","540,765",50.8,All
Ohio,ED,0-4,All,2015,Black,"2,939","133,760",219.7,All
Ohio,ED,0-4,All,2015,Total,"5,684","674,525",84.3,All
Ohio,ED,0-4,All,2016,White,"2,650","541,923",48.9,All
Ohio,ED,0-4,All,2016,Black,"2,765","132,450",209,All
Ohio,ED,0-4,All,2016,Total,"5,416","674,373",80.3,All
Ohio,ED,5-14,All,2013,White,"6,980","1,573,546",44.4,All
Ohio,ED,5-14,All,2013,Black,"5,194","330,883",157,All
Ohio,ED,5-14,All,2013,Total,"12,174","1,904,429",63.9,All
Ohio,ED,5-14,All,2014,White,"7,100","1,557,347",45.6,All
Ohio,ED,5-14,All,2014,Black,"5,638","332,518",169.6,All
Ohio,ED,5-14,All,2014,Total,"12,738","1,889,865",67.4,All
Ohio,ED,5-14,All,2015,White,"6,077","1,540,251",39.5,All
Ohio,ED,5-14,All,2015,Black,"5,705","334,263",170.7,All
Ohio,ED,5-14,All,2015,Total,"11,782","1,874,514",62.9,All
Ohio,ED,5-14,All,2016,White,"5,799","1,521,745",38.1,All
Ohio,ED,5-14,All,2016,Black,"5,459","335,101",163,All
Ohio,ED,5-14,All,2016,Total,"11,267","1,856,846",60.7,All
Ohio,ED,15-34,All,2013,White,"9,919","2,086,971",47.5,All
Ohio,ED,15-34,All,2013,Black,"7,039","392,883",179.2,All
Ohio,ED,15-34,All,2013,Total,"16,958","2,479,854",68.4,All
Ohio,ED,15-34,All,2014,White,"9,624","2,088,426",46.1,All
Ohio,ED,15-34,All,2014,Black,"7,262","398,040",182.4,All
Ohio,ED,15-34,All,2014,Total,"16,887","2,486,466",67.9,All
Ohio,ED,15-34,All,2015,White,"8,889","2,080,699",42.7,All
Ohio,ED,15-34,All,2015,Black,"7,211","402,316",179.2,All
Ohio,ED,15-34,All,2015,Total,"16,102","2,483,015",64.8,All
Ohio,ED,15-34,All,2016,White,"8,369","2,077,280",40.3,All
Ohio,ED,15-34,All,2016,Black,"6,941","408,306",170,All
Ohio,ED,15-34,All,2016,Total,"15,312","2,485,586",61.6,All
Ohio,ED,35-64,All,2013,White,"11,105","3,953,889",28.1,All
Ohio,ED,35-64,All,2013,Black,"6,639","539,900",123,All
Ohio,ED,35-64,All,2013,Total,"17,744","4,493,789",39.5,All
Ohio,ED,35-64,All,2014,White,"11,081","3,924,919",28.2,All
Ohio,ED,35-64,All,2014,Black,"6,914","542,089",127.5,All
Ohio,ED,35-64,All,2014,Total,"17,995","4,467,008",40.3,All
Ohio,ED,35-64,All,2015,White,"10,400","3,898,306",26.7,All
Ohio,ED,35-64,All,2015,Black,"6,799","544,859",124.8,All
Ohio,ED,35-64,All,2015,Total,"17,200","4,443,165",38.7,All
Ohio,ED,35-64,All,2016,White,"8,773","3,867,640",22.7,All
Ohio,ED,35-64,All,2016,Black,"6,324","545,939",116,All
Ohio,ED,35-64,All,2016,Total,"15,097","4,413,579",34.2,All
Ohio,ED,65,All,2013,White,"1,918","1,575,672",12.2,All
Ohio,ED,65,All,2013,Black,583,"152,993",38.1,All
Ohio,ED,65,All,2013,Total,"2,501","1,728,665",14.5,All
Ohio,ED,65,All,2014,White,"2,013","1,616,308",12.5,All
Ohio,ED,65,All,2014,Black,619,"158,597",39,All
Ohio,ED,65,All,2014,Total,"2,632","1,774,905",14.8,All
Ohio,ED,65,All,2015,White,"1,886","1,652,789",11.4,All
Ohio,ED,65,All,2015,Black,618,"164,455",37.6,All
Ohio,ED,65,All,2015,Total,"2,504","1,817,244",13.8,All
Ohio,ED,65,All,2016,White,"1,278","1,688,518",7.6,All
Ohio,ED,65,All,2016,Black,417,"170,440",24.5,All
Ohio,ED,65,All,2016,Total,"1,695","1,858,958",9.1,All
Ohio,ED,All,All,2013,White,"33,127","9,732,620",34,All
Ohio,ED,All,All,2013,Black,"22,266","1,549,420",143.7,All
Ohio,ED,All,All,2013,Total,"55,393","11,282,040",49.1,All
Ohio,ED,All,All,2014,White,"32,984","9,728,326",33.9,All
Ohio,ED,All,All,2014,Black,"23,486","1,565,143",150.1,All
Ohio,ED,All,All,2014,Total,"56,471","11,293,469",50,All
Ohio,ED,All,All,2015,White,"29,997","9,712,810",30.9,All
Ohio,ED,All,All,2015,Black,"23,272","1,579,653",147.3,All
Ohio,ED,All,All,2015,Total,"53,272","11,292,463",47.2,All
Ohio,ED,All,All,2016,White,"26,869","9,697,106",27.7,All
Ohio,ED,All,All,2016,Black,"21,906","1,592,236",138,All
Ohio,ED,All,All,2016,Total,"48,787","11,289,342",43.2,All
Adams,ED,child,All,2016,Total,,,58.1,All
Allen,ED,child,All,2016,Total,,,59.2,All
Ashland,ED,child,All,2016,Total,,,42.6,All
Ashtabula,ED,child,All,2016,Total,,,71.5,All
Athens,ED,child,All,2016,Total,,,54.9,All
Auglaize,ED,child,All,2016,Total,,,25.1,All
Belmont,ED,child,All,2016,Total,,,24.2,All
Brown,ED,child,All,2016,Total,,,42.7,All
Butler,ED,child,All,2016,Total,,,57.6,All
Carroll,ED,child,All,2016,Total,,,35.2,All
Champaign,ED,child,All,2016,Total,,,46,All
Clark,ED,child,All,2016,Total,,,85.6,All
Clermont,ED,child,All,2016,Total,,,39.9,All
Clinton,ED,child,All,2016,Total,,,49.8,All
Columbiana,ED,child,All,2016,Total,,,99.6,All
Coshocton,ED,child,All,2016,Total,,,74.8,All
Crawford,ED,child,All,2016,Total,,,54.1,All
Cuyahoga,ED,child,All,2016,Total,,,108,All
Darke,ED,child,All,2016,Total,,,64.9,All
Defiance,ED,child,All,2016,Total,,,49.5,All
Delaware,ED,child,All,2016,Total,,,21.4,All
Erie,ED,child,All,2016,Total,,,111.1,All
Fairfield,ED,child,All,2016,Total,,,48.1,All
Fayette,ED,child,All,2016,Total,,,61.2,All
Franklin,ED,child,All,2016,Total,,,70.3,All
Fulton,ED,child,All,2016,Total,,,29.7,All
GAllia,ED,child,All,2016,Total,,,39.1,All
Geauga,ED,child,All,2016,Total,,,22.9,All
Greene,ED,child,All,2016,Total,,,81,All
Guernsey,ED,child,All,2016,Total,,,34.1,All
Hamilton,ED,child,All,2016,Total,,,74.6,All
Hancock,ED,child,All,2016,Total,,,44.2,All
Hardin,ED,child,All,2016,Total,,,44.9,All
Harrison,ED,child,All,2016,Total,,,58,All
Henry,ED,child,All,2016,Total,,,39.2,All
Highland,ED,child,All,2016,Total,,,49.8,All
Hocking,ED,child,All,2016,Total,,,54.3,All
Holmes,ED,child,All,2016,Total,,,13.2,All
Huron,ED,child,All,2016,Total,,,47,All
Jackson,ED,child,All,2016,Total,,,29,All
Jefferson,ED,child,All,2016,Total,,,55.4,All
Knox,ED,child,All,2016,Total,,,36.3,All
Lake,ED,child,All,2016,Total,,,51.3,All
Lawrence,ED,child,All,2016,Total,,,0,All
Licking,ED,child,All,2016,Total,,,33.4,All
Logan,ED,child,All,2016,Total,,,44.8,All
Lorain,ED,child,All,2016,Total,,,92.9,All
Lucas,ED,child,All,2016,Total,,,115.9,All
Madison,ED,child,All,2016,Total,,,82,All
Mahoning,ED,child,All,2016,Total,,,179.4,All
Marion,ED,child,All,2016,Total,,,67.9,All
Medina,ED,child,All,2016,Total,,,33.2,All
Meigs,ED,child,All,2016,Total,,,7.8,All
Mercer,ED,child,All,2016,Total,,,22,All
Miami,ED,child,All,2016,Total,,,53.8,All
Monroe,ED,child,All,2016,Total,,,26.5,All
Montgomery,ED,child,All,2016,Total,,,121.1,All
Morgan,ED,child,All,2016,Total,,,24.5,All
Morrow,ED,child,All,2016,Total,,,49.5,All
Muskingum,ED,child,All,2016,Total,,,40.6,All
Noble,ED,child,All,2016,Total,,,7.5,All
Ottawa,ED,child,All,2016,Total,,,50.1,All
Paulding,ED,child,All,2016,Total,,,50.5,All
Perry,ED,child,All,2016,Total,,,37.6,All
Pickaway,ED,child,All,2016,Total,,,62.6,All
Pike,ED,child,All,2016,Total,,,42.5,All
Portage,ED,child,All,2016,Total,,,65.3,All
Preble,ED,child,All,2016,Total,,,48.7,All
Putnam,ED,child,All,2016,Total,,,28.5,All
Richland,ED,child,All,2016,Total,,,59.6,All
Ross,ED,child,All,2016,Total,,,49.5,All
Sandusky,ED,child,All,2016,Total,,,76.6,All
Scioto,ED,child,All,2016,Total,,,30.1,All
Seneca,ED,child,All,2016,Total,,,47.9,All
Shelby,ED,child,All,2016,Total,,,30.6,All
Stark,ED,child,All,2016,Total,,,62.3,All
Summit,ED,child,All,2016,Total,,,115.5,All
Trumbull,ED,child,All,2016,Total,,,62,All
Tuscarawas,ED,child,All,2016,Total,,,54.7,All
Union,ED,child,All,2016,Total,,,26.3,All
Van Wert,ED,child,All,2016,Total,,,23.7,All
Vinton,ED,child,All,2016,Total,,,56.3,All
Warren,ED,child,All,2016,Total,,,32.7,All
Washington,ED,child,All,2016,Total,,,36.2,All
Wayne,ED,child,All,2016,Total,,,43.2,All
Williams,ED,child,All,2016,Total,,,44.5,All
Wood,ED,child,All,2016,Total,,,37,All
Wyandot,ED,child,All,2016,Total,,,51.2,All
Ohio,ED,child,All,2016,Total,,,71.5,All
Adams,Inpatient,child,All,2016,Total,,,2.9,All
Allen,Inpatient,child,All,2016,Total,,,9.4,All
Ashland,Inpatient,child,All,2016,Total,,,0.8,All
Ashtabula,Inpatient,child,All,2016,Total,,,13.8,All
Athens,Inpatient,child,All,2016,Total,,,7,All
Auglaize,Inpatient,child,All,2016,Total,,,5.4,All
Belmont,Inpatient,child,All,2016,Total,,,0.8,All
Brown,Inpatient,child,All,2016,Total,,,4.8,All
Butler,Inpatient,child,All,2016,Total,,,8.9,All
Carroll,Inpatient,child,All,2016,Total,,,3.4,All
Champaign,Inpatient,child,All,2016,Total,,,6.6,All
Clark,Inpatient,child,All,2016,Total,,,17,All
Clermont,Inpatient,child,All,2016,Total,,,6.2,All
Clinton,Inpatient,child,All,2016,Total,,,6,All
Columbiana,Inpatient,child,All,2016,Total,,,7.3,All
Coshocton,Inpatient,child,All,2016,Total,,,5.8,All
Crawford,Inpatient,child,All,2016,Total,,,1.1,All
Cuyahoga,Inpatient,child,All,2016,Total,,,20.2,All
Darke,Inpatient,child,All,2016,Total,,,12.7,All
Defiance,Inpatient,child,All,2016,Total,,,3.3,All
Delaware,Inpatient,child,All,2016,Total,,,4.6,All
Erie,Inpatient,child,All,2016,Total,,,17,All
Fairfield,Inpatient,child,All,2016,Total,,,7.3,All
Fayette,Inpatient,child,All,2016,Total,,,13.1,All
Franklin,Inpatient,child,All,2016,Total,,,16.2,All
Fulton,Inpatient,child,All,2016,Total,,,4.8,All
GAllia,Inpatient,child,All,2016,Total,,,4.2,All
Geauga,Inpatient,child,All,2016,Total,,,5.7,All
Greene,Inpatient,child,All,2016,Total,,,19.9,All
Guernsey,Inpatient,child,All,2016,Total,,,2.2,All
Hamilton,Inpatient,child,All,2016,Total,,,16.2,All
Hancock,Inpatient,child,All,2016,Total,,,5.2,All
Hardin,Inpatient,child,All,2016,Total,,,8.2,All
Harrison,Inpatient,child,All,2016,Total,,,0,All
Henry,Inpatient,child,All,2016,Total,,,7.5,All
Highland,Inpatient,child,All,2016,Total,,,4.8,All
Hocking,Inpatient,child,All,2016,Total,,,7.5,All
Holmes,Inpatient,child,All,2016,Total,,,0.7,All
Huron,Inpatient,child,All,2016,Total,,,6.1,All
Jackson,Inpatient,child,All,2016,Total,,,1.3,All
Jefferson,Inpatient,child,All,2016,Total,,,3,All
Knox,Inpatient,child,All,2016,Total,,,9.2,All
Lake,Inpatient,child,All,2016,Total,,,7.5,All
Lawrence,Inpatient,child,All,2016,Total,,,0,All
Licking,Inpatient,child,All,2016,Total,,,9.2,All
Logan,Inpatient,child,All,2016,Total,,,3.7,All
Lorain,Inpatient,child,All,2016,Total,,,15.1,All
Lucas,Inpatient,child,All,2016,Total,,,16.7,All
Madison,Inpatient,child,All,2016,Total,,,4.3,All
Mahoning,Inpatient,child,All,2016,Total,,,9.2,All
Marion,Inpatient,child,All,2016,Total,,,5.1,All
Medina,Inpatient,child,All,2016,Total,,,3.4,All
Meigs,Inpatient,child,All,2016,Total,,,0,All
Mercer,Inpatient,child,All,2016,Total,,,3.8,All
Miami,Inpatient,child,All,2016,Total,,,12.5,All
Monroe,Inpatient,child,All,2016,Total,,,0,All
Montgomery,Inpatient,child,All,2016,Total,,,36.9,All
Morgan,Inpatient,child,All,2016,Total,,,0,All
Morrow,Inpatient,child,All,2016,Total,,,3.5,All
Muskingum,Inpatient,child,All,2016,Total,,,5,All
Noble,Inpatient,child,All,2016,Total,,,0,All
Ottawa,Inpatient,child,All,2016,Total,,,5,All
Paulding,Inpatient,child,All,2016,Total,,,0,All
Perry,Inpatient,child,All,2016,Total,,,6.8,All
Pickaway,Inpatient,child,All,2016,Total,,,8.7,All
Pike,Inpatient,child,All,2016,Total,,,11.7,All
Portage,Inpatient,child,All,2016,Total,,,4.5,All
Preble,Inpatient,child,All,2016,Total,,,7.3,All
Putnam,Inpatient,child,All,2016,Total,,,6.8,All
Richland,Inpatient,child,All,2016,Total,,,3,All
Ross,Inpatient,child,All,2016,Total,,,5.4,All
Sandusky,Inpatient,child,All,2016,Total,,,4.3,All
Scioto,Inpatient,child,All,2016,Total,,,3.5,All
Seneca,Inpatient,child,All,2016,Total,,,5.6,All
Shelby,Inpatient,child,All,2016,Total,,,7.1,All
Stark,Inpatient,child,All,2016,Total,,,2.4,All
Summit,Inpatient,child,All,2016,Total,,,5.4,All
Trumbull,Inpatient,child,All,2016,Total,,,3.9,All
Tuscarawas,Inpatient,child,All,2016,Total,,,1.4,All
Union,Inpatient,child,All,2016,Total,,,2.9,All
Van Wert,Inpatient,child,All,2016,Total,,,5.9,All
Vinton,Inpatient,child,All,2016,Total,,,3.3,All
Warren,Inpatient,child,All,2016,Total,,,3.1,All
Washington,Inpatient,child,All,2016,Total,,,4.1,All
Wayne,Inpatient,child,All,2016,Total,,,3.5,All
Williams,Inpatient,child,All,2016,Total,,,5.9,All
Wood,Inpatient,child,All,2016,Total,,,5.2,All
Wyandot,Inpatient,child,All,2016,Total,,,1.9,All
Ohio,Inpatient,child,All,2016,Total,,,11.5,All
Adams,ED,adult,All,2016,Total,,,41.5,All
Allen,ED,adult,All,2016,Total,,,41,All
Ashland,ED,adult,All,2016,Total,,,33.6,All
Ashtabula,ED,adult,All,2016,Total,,,44.3,All
Athens,ED,adult,All,2016,Total,,,13.6,All
Auglaize,ED,adult,All,2016,Total,,,17,All
Belmont,ED,adult,All,2016,Total,,,15.2,All
Brown,ED,adult,All,2016,Total,,,26.9,All
Butler,ED,adult,All,2016,Total,,,31.7,All
Carroll,ED,adult,All,2016,Total,,,16.7,All
Champaign,ED,adult,All,2016,Total,,,32.6,All
Clark,ED,adult,All,2016,Total,,,38.4,All
Clermont,ED,adult,All,2016,Total,,,28.8,All
Clinton,ED,adult,All,2016,Total,,,46.2,All
Columbiana,ED,adult,All,2016,Total,,,26.2,All
Coshocton,ED,adult,All,2016,Total,,,32.2,All
Crawford,ED,adult,All,2016,Total,,,27.2,All
Cuyahoga,ED,adult,All,2016,Total,,,54.3,All
Darke,ED,adult,All,2016,Total,,,35.2,All
Defiance,ED,adult,All,2016,Total,,,38.4,All
Delaware,ED,adult,All,2016,Total,,,14.4,All
Erie,ED,adult,All,2016,Total,,,75.9,All
Fairfield,ED,adult,All,2016,Total,,,18,All
Fayette,ED,adult,All,2016,Total,,,34.8,All
Franklin,ED,adult,All,2016,Total,,,39.5,All
Fulton,ED,adult,All,2016,Total,,,25.3,All
GAllia,ED,adult,All,2016,Total,,,17.7,All
Geauga,ED,adult,All,2016,Total,,,10.8,All
Greene,ED,adult,All,2016,Total,,,34.2,All
Guernsey,ED,adult,All,2016,Total,,,20.1,All
Hamilton,ED,adult,All,2016,Total,,,56,All
Hancock,ED,adult,All,2016,Total,,,31.5,All
Hardin,ED,adult,All,2016,Total,,,15.2,All
Harrison,ED,adult,All,2016,Total,,,53.9,All
Henry,ED,adult,All,2016,Total,,,32,All
Highland,ED,adult,All,2016,Total,,,35.8,All
Hocking,ED,adult,All,2016,Total,,,23.6,All
Holmes,ED,adult,All,2016,Total,,,16.1,All
Huron,ED,adult,All,2016,Total,,,29,All
Jackson,ED,adult,All,2016,Total,,,18.1,All
Jefferson,ED,adult,All,2016,Total,,,32.9,All
Knox,ED,adult,All,2016,Total,,,22.2,All
Lake,ED,adult,All,2016,Total,,,22.3,All
Lawrence,ED,adult,All,2016,Total,,,0.4,All
Licking,ED,adult,All,2016,Total,,,19.2,All
Logan,ED,adult,All,2016,Total,,,32.8,All
Lorain,ED,adult,All,2016,Total,,,53.8,All
Lucas,ED,adult,All,2016,Total,,,54,All
Madison,ED,adult,All,2016,Total,,,29.7,All
Mahoning,ED,adult,All,2016,Total,,,53.5,All
Marion,ED,adult,All,2016,Total,,,32.2,All
Medina,ED,adult,All,2016,Total,,,25.5,All
Meigs,ED,adult,All,2016,Total,,,7.1,All
Mercer,ED,adult,All,2016,Total,,,11.8,All
Miami,ED,adult,All,2016,Total,,,29,All
Monroe,ED,adult,All,2016,Total,,,17.5,All
Montgomery,ED,adult,All,2016,Total,,,52.8,All
Morgan,ED,adult,All,2016,Total,,,14.7,All
Morrow,ED,adult,All,2016,Total,,,50.1,All
Muskingum,ED,adult,All,2016,Total,,,25.6,All
Noble,ED,adult,All,2016,Total,,,6,All
Ottawa,ED,adult,All,2016,Total,,,43,All
Paulding,ED,adult,All,2016,Total,,,37.9,All
Perry,ED,adult,All,2016,Total,,,18.7,All
Pickaway,ED,adult,All,2016,Total,,,27.6,All
Pike,ED,adult,All,2016,Total,,,19.1,All
Portage,ED,adult,All,2016,Total,,,19.1,All
Preble,ED,adult,All,2016,Total,,,22.2,All
Putnam,ED,adult,All,2016,Total,,,18.1,All
Richland,ED,adult,All,2016,Total,,,26.1,All
Ross,ED,adult,All,2016,Total,,,21.7,All
Sandusky,ED,adult,All,2016,Total,,,43.5,All
Scioto,ED,adult,All,2016,Total,,,12.4,All
Seneca,ED,adult,All,2016,Total,,,38.9,All
Shelby,ED,adult,All,2016,Total,,,33.1,All
Stark,ED,adult,All,2016,Total,,,43.6,All
Summit,ED,adult,All,2016,Total,,,39.9,All
Trumbull,ED,adult,All,2016,Total,,,36,All
Tuscarawas,ED,adult,All,2016,Total,,,38.9,All
Union,ED,adult,All,2016,Total,,,16.7,All
Van Wert,ED,adult,All,2016,Total,,,17,All
Vinton,ED,adult,All,2016,Total,,,21.8,All
Warren,ED,adult,All,2016,Total,,,23.7,All
Washington,ED,adult,All,2016,Total,,,21.8,All
Wayne,ED,adult,All,2016,Total,,,30.7,All
Williams,ED,adult,All,2016,Total,,,41.8,All
Wood,ED,adult,All,2016,Total,,,14.4,All
Wyandot,ED,adult,All,2016,Total,,,31.6,All
Ohio,ED,adult,All,2016,Total,,,38.1,All
Adams,Inpatient,adult,All,2016,Total,,,3.3,All
Allen,Inpatient,adult,All,2016,Total,,,5.1,All
Ashland,Inpatient,adult,All,2016,Total,,,2.7,All
Ashtabula,Inpatient,adult,All,2016,Total,,,3.8,All
Athens,Inpatient,adult,All,2016,Total,,,0.9,All
Auglaize,Inpatient,adult,All,2016,Total,,,2.9,All
Belmont,Inpatient,adult,All,2016,Total,,,3,All
Brown,Inpatient,adult,All,2016,Total,,,4.4,All
Butler,Inpatient,adult,All,2016,Total,,,3.9,All
Carroll,Inpatient,adult,All,2016,Total,,,2.7,All
Champaign,Inpatient,adult,All,2016,Total,,,5.3,All
Clark,Inpatient,adult,All,2016,Total,,,3.5,All
Clermont,Inpatient,adult,All,2016,Total,,,3.2,All
Clinton,Inpatient,adult,All,2016,Total,,,2.8,All
Columbiana,Inpatient,adult,All,2016,Total,,,3.6,All
Coshocton,Inpatient,adult,All,2016,Total,,,4.3,All
Crawford,Inpatient,adult,All,2016,Total,,,1.2,All
Cuyahoga,Inpatient,adult,All,2016,Total,,,7.6,All
Darke,Inpatient,adult,All,2016,Total,,,2.3,All
Defiance,Inpatient,adult,All,2016,Total,,,5.8,All
Delaware,Inpatient,adult,All,2016,Total,,,1.7,All
Erie,Inpatient,adult,All,2016,Total,,,5,All
Fairfield,Inpatient,adult,All,2016,Total,,,1.8,All
Fayette,Inpatient,adult,All,2016,Total,,,1.8,All
Franklin,Inpatient,adult,All,2016,Total,,,3.5,All
Fulton,Inpatient,adult,All,2016,Total,,,2.8,All
GAllia,Inpatient,adult,All,2016,Total,,,1.7,All
Geauga,Inpatient,adult,All,2016,Total,,,2.9,All
Greene,Inpatient,adult,All,2016,Total,,,2.1,All
Guernsey,Inpatient,adult,All,2016,Total,,,2.3,All
Hamilton,Inpatient,adult,All,2016,Total,,,6.4,All
Hancock,Inpatient,adult,All,2016,Total,,,3.8,All
Hardin,Inpatient,adult,All,2016,Total,,,0.8,All
Harrison,Inpatient,adult,All,2016,Total,,,3.3,All
Henry,Inpatient,adult,All,2016,Total,,,2.4,All
Highland,Inpatient,adult,All,2016,Total,,,2.1,All
Hocking,Inpatient,adult,All,2016,Total,,,0.5,All
Holmes,Inpatient,adult,All,2016,Total,,,0.3,All
Huron,Inpatient,adult,All,2016,Total,,,2,All
Jackson,Inpatient,adult,All,2016,Total,,,0.8,All
Jefferson,Inpatient,adult,All,2016,Total,,,4.6,All
Knox,Inpatient,adult,All,2016,Total,,,1.7,All
Lake,Inpatient,adult,All,2016,Total,,,3.9,All
Lawrence,Inpatient,adult,All,2016,Total,,,0.2,All
Licking,Inpatient,adult,All,2016,Total,,,1.4,All
Logan,Inpatient,adult,All,2016,Total,,,2.6,All
Lorain,Inpatient,adult,All,2016,Total,,,4,All
Lucas,Inpatient,adult,All,2016,Total,,,6.1,All
Madison,Inpatient,adult,All,2016,Total,,,2.3,All
Mahoning,Inpatient,adult,All,2016,Total,,,7.2,All
Marion,Inpatient,adult,All,2016,Total,,,5.6,All
Medina,Inpatient,adult,All,2016,Total,,,2.4,All
Meigs,Inpatient,adult,All,2016,Total,,,0,All
Mercer,Inpatient,adult,All,2016,Total,,,1.3,All
Miami,Inpatient,adult,All,2016,Total,,,2.5,All
Monroe,Inpatient,adult,All,2016,Total,,,1.8,All
Montgomery,Inpatient,adult,All,2016,Total,,,4.6,All
Morgan,Inpatient,adult,All,2016,Total,,,3.5,All
Morrow,Inpatient,adult,All,2016,Total,,,1.5,All
Muskingum,Inpatient,adult,All,2016,Total,,,4.5,All
Noble,Inpatient,adult,All,2016,Total,,,0,All
Ottawa,Inpatient,adult,All,2016,Total,,,4.5,All
Paulding,Inpatient,adult,All,2016,Total,,,2.8,All
Perry,Inpatient,adult,All,2016,Total,,,5.1,All
Pickaway,Inpatient,adult,All,2016,Total,,,1.4,All
Pike,Inpatient,adult,All,2016,Total,,,1.4,All
Portage,Inpatient,adult,All,2016,Total,,,2.8,All
Preble,Inpatient,adult,All,2016,Total,,,1.6,All
Putnam,Inpatient,adult,All,2016,Total,,,0.4,All
Richland,Inpatient,adult,All,2016,Total,,,3.4,All
Ross,Inpatient,adult,All,2016,Total,,,1.5,All
Sandusky,Inpatient,adult,All,2016,Total,,,3.5,All
Scioto,Inpatient,adult,All,2016,Total,,,3,All
Seneca,Inpatient,adult,All,2016,Total,,,3.2,All
Shelby,Inpatient,adult,All,2016,Total,,,1.1,All
Stark,Inpatient,adult,All,2016,Total,,,4.5,All
Summit,Inpatient,adult,All,2016,Total,,,3.4,All
Trumbull,Inpatient,adult,All,2016,Total,,,5.3,All
Tuscarawas,Inpatient,adult,All,2016,Total,,,2,All
Union,Inpatient,adult,All,2016,Total,,,1.5,All
Van Wert,Inpatient,adult,All,2016,Total,,,2.3,All
Vinton,Inpatient,adult,All,2016,Total,,,3,All
Warren,Inpatient,adult,All,2016,Total,,,1.6,All
Washington,Inpatient,adult,All,2016,Total,,,0.8,All
Wayne,Inpatient,adult,All,2016,Total,,,3.1,All
Williams,Inpatient,adult,All,2016,Total,,,3.8,All
Wood,Inpatient,adult,All,2016,Total,,,2.8,All
Wyandot,Inpatient,adult,All,2016,Total,,,2.3,All
Ohio,Inpatient,adult,All,2016,Total,,,4.1,All
Adams,ED,All,All,2016,Total,,,45.5,All
Allen,ED,All,All,2016,Total,,,45.3,All
Ashland,ED,All,All,2016,Total,,,35.7,All
Ashtabula,ED,All,All,2016,Total,,,50.5,All
Athens,ED,All,All,2016,Total,,,19.9,All
Auglaize,ED,All,All,2016,Total,,,19,All
Belmont,ED,All,All,2016,Total,,,16.9,All
Brown,ED,All,All,2016,Total,,,30.6,All
Butler,ED,All,All,2016,Total,,,38,All
Carroll,ED,All,All,2016,Total,,,20.7,All
Champaign,ED,All,All,2016,Total,,,35.7,All
Clark,ED,All,All,2016,Total,,,49.2,All
Clermont,ED,All,All,2016,Total,,,31.5,All
Clinton,ED,All,All,2016,Total,,,47.1,All
Columbiana,ED,All,All,2016,Total,,,41.5,All
Coshocton,ED,All,All,2016,Total,,,42.3,All
Crawford,ED,All,All,2016,Total,,,33.2,All
Cuyahoga,ED,All,All,2016,Total,,,65.9,All
Darke,ED,All,All,2016,Total,,,42.4,All
Defiance,ED,All,All,2016,Total,,,41.1,All
Delaware,ED,All,All,2016,Total,,,16.3,All
Erie,ED,All,All,2016,Total,,,83.2,All
Fairfield,ED,All,All,2016,Total,,,25.4,All
Fayette,ED,All,All,2016,Total,,,41.1,All
Franklin,ED,All,All,2016,Total,,,46.8,All
Fulton,ED,All,All,2016,Total,,,26.4,All
GAllia,ED,All,All,2016,Total,,,22.7,All
Geauga,ED,All,All,2016,Total,,,13.7,All
Greene,ED,All,All,2016,Total,,,43.9,All
Guernsey,ED,All,All,2016,Total,,,23.3,All
Hamilton,ED,All,All,2016,Total,,,60.3,All
Hancock,ED,All,All,2016,Total,,,34.4,All
Hardin,ED,All,All,2016,Total,,,22.1,All
Harrison,ED,All,All,2016,Total,,,54.8,All
Henry,ED,All,All,2016,Total,,,33.7,All
Highland,ED,All,All,2016,Total,,,39.2,All
Hocking,ED,All,All,2016,Total,,,30.7,All
Holmes,ED,All,All,2016,Total,,,15.1,All
Huron,ED,All,All,2016,Total,,,33.5,All
Jackson,ED,All,All,2016,Total,,,20.8,All
Jefferson,ED,All,All,2016,Total,,,37.3,All
Knox,ED,All,All,2016,Total,,,25.5,All
Lake,ED,All,All,2016,Total,,,28.4,All
Lawrence,ED,All,All,2016,Total,,,0.3,All
Licking,ED,All,All,2016,Total,,,22.6,All
Logan,ED,All,All,2016,Total,,,35.7,All
Lorain,ED,All,All,2016,Total,,,62.7,All
Lucas,ED,All,All,2016,Total,,,68.4,All
Madison,ED,All,All,2016,Total,,,40.8,All
Mahoning,ED,All,All,2016,Total,,,79.3,All
Marion,ED,All,All,2016,Total,,,39.7,All
Medina,ED,All,All,2016,Total,,,27.3,All
Meigs,ED,All,All,2016,Total,,,7.3,All
Mercer,ED,All,All,2016,Total,,,14.4,All
Miami,ED,All,All,2016,Total,,,34.7,All
Monroe,ED,All,All,2016,Total,,,19.4,All
Montgomery,ED,All,All,2016,Total,,,68.1,All
Morgan,ED,All,All,2016,Total,,,16.8,All
Morrow,ED,All,All,2016,Total,,,50,All
Muskingum,ED,All,All,2016,Total,,,29.1,All
Noble,ED,All,All,2016,Total,,,6.2,All
Ottawa,ED,All,All,2016,Total,,,44.4,All
Paulding,ED,All,All,2016,Total,,,40.9,All
Perry,ED,All,All,2016,Total,,,23.3,All
Pickaway,ED,All,All,2016,Total,,,35.4,All
Pike,ED,All,All,2016,Total,,,24.8,All
Portage,ED,All,All,2016,Total,,,28.1,All
Preble,ED,All,All,2016,Total,,,28.4,All
Putnam,ED,All,All,2016,Total,,,20.8,All
Richland,ED,All,All,2016,Total,,,33.4,All
Ross,ED,All,All,2016,Total,,,27.8,All
Sandusky,ED,All,All,2016,Total,,,51.2,All
Scioto,ED,All,All,2016,Total,,,16.3,All
Seneca,ED,All,All,2016,Total,,,40.9,All
Shelby,ED,All,All,2016,Total,,,32.5,All
Stark,ED,All,All,2016,Total,,,47.7,All
Summit,ED,All,All,2016,Total,,,56.3,All
Trumbull,ED,All,All,2016,Total,,,41.5,All
Tuscarawas,ED,All,All,2016,Total,,,42.5,All
Union,ED,All,All,2016,Total,,,19.1,All
Van Wert,ED,All,All,2016,Total,,,18.6,All
Vinton,ED,All,All,2016,Total,,,29.7,All
Warren,ED,All,All,2016,Total,,,26,All
Washington,ED,All,All,2016,Total,,,24.7,All
Wayne,ED,All,All,2016,Total,,,33.8,All
Williams,ED,All,All,2016,Total,,,42.4,All
Wood,ED,All,All,2016,Total,,,19.1,All
Wyandot,ED,All,All,2016,Total,,,36.2,All
Ohio,ED,All,All,2016,Total,,,45.7,All
Adams,Inpatient,All,All,2016,Total,,,3.2,All
Allen,Inpatient,All,All,2016,Total,,,6.1,All
Ashland,Inpatient,All,All,2016,Total,,,2.3,All
Ashtabula,Inpatient,All,All,2016,Total,,,6,All
Athens,Inpatient,All,All,2016,Total,,,1.8,All
Auglaize,Inpatient,All,All,2016,Total,,,3.5,All
Belmont,Inpatient,All,All,2016,Total,,,2.6,All
Brown,Inpatient,All,All,2016,Total,,,4.5,All
Butler,Inpatient,All,All,2016,Total,,,5.1,All
Carroll,Inpatient,All,All,2016,Total,,,2.8,All
Champaign,Inpatient,All,All,2016,Total,,,5.6,All
Clark,Inpatient,All,All,2016,Total,,,6.6,All
Clermont,Inpatient,All,All,2016,Total,,,3.9,All
Clinton,Inpatient,All,All,2016,Total,,,3.6,All
Columbiana,Inpatient,All,All,2016,Total,,,4.4,All
Coshocton,Inpatient,All,All,2016,Total,,,4.6,All
Crawford,Inpatient,All,All,2016,Total,,,1.2,All
Cuyahoga,Inpatient,All,All,2016,Total,,,10.3,All
Darke,Inpatient,All,All,2016,Total,,,4.8,All
Defiance,Inpatient,All,All,2016,Total,,,5.2,All
Delaware,Inpatient,All,All,2016,Total,,,2.5,All
Erie,Inpatient,All,All,2016,Total,,,7.5,All
Fairfield,Inpatient,All,All,2016,Total,,,3.1,All
Fayette,Inpatient,All,All,2016,Total,,,4.5,All
Franklin,Inpatient,All,All,2016,Total,,,6.5,All
Fulton,Inpatient,All,All,2016,Total,,,3.3,All
GAllia,Inpatient,All,All,2016,Total,,,2.3,All
Geauga,Inpatient,All,All,2016,Total,,,3.6,All
Greene,Inpatient,All,All,2016,Total,,,5.8,All
Guernsey,Inpatient,All,All,2016,Total,,,2.3,All
Hamilton,Inpatient,All,All,2016,Total,,,8.7,All
Hancock,Inpatient,All,All,2016,Total,,,4.1,All
Hardin,Inpatient,All,All,2016,Total,,,2.5,All
Harrison,Inpatient,All,All,2016,Total,,,2.6,All
Henry,Inpatient,All,All,2016,Total,,,3.6,All
Highland,Inpatient,All,All,2016,Total,,,2.8,All
Hocking,Inpatient,All,All,2016,Total,,,2.1,All
Holmes,Inpatient,All,All,2016,Total,,,0.5,All
Huron,Inpatient,All,All,2016,Total,,,3.1,All
Jackson,Inpatient,All,All,2016,Total,,,0.9,All
Jefferson,Inpatient,All,All,2016,Total,,,4.3,All
Knox,Inpatient,All,All,2016,Total,,,3.5,All
Lake,Inpatient,All,All,2016,Total,,,4.6,All
Lawrence,Inpatient,All,All,2016,Total,,,0.2,All
Licking,Inpatient,All,All,2016,Total,,,3.2,All
Logan,Inpatient,All,All,2016,Total,,,2.9,All
Lorain,Inpatient,All,All,2016,Total,,,6.5,All
Lucas,Inpatient,All,All,2016,Total,,,8.5,All
Madison,Inpatient,All,All,2016,Total,,,2.8,All
Mahoning,Inpatient,All,All,2016,Total,,,7.6,All
Marion,Inpatient,All,All,2016,Total,,,5.5,All
Medina,Inpatient,All,All,2016,Total,,,2.6,All
Meigs,Inpatient,All,All,2016,Total,,,0,All
Mercer,Inpatient,All,All,2016,Total,,,2,All
Miami,Inpatient,All,All,2016,Total,,,4.8,All
Monroe,Inpatient,All,All,2016,Total,,,1.4,All
Montgomery,Inpatient,All,All,2016,Total,,,11.9,All
Morgan,Inpatient,All,All,2016,Total,,,2.7,All
Morrow,Inpatient,All,All,2016,Total,,,2,All
Muskingum,Inpatient,All,All,2016,Total,,,4.7,All
Noble,Inpatient,All,All,2016,Total,,,0,All
Ottawa,Inpatient,All,All,2016,Total,,,4.6,All
Paulding,Inpatient,All,All,2016,Total,,,2.1,All
Perry,Inpatient,All,All,2016,Total,,,5.6,All
Pickaway,Inpatient,All,All,2016,Total,,,3,All
Pike,Inpatient,All,All,2016,Total,,,3.9,All
Portage,Inpatient,All,All,2016,Total,,,3.1,All
Preble,Inpatient,All,All,2016,Total,,,2.9,All
Putnam,Inpatient,All,All,2016,Total,,,2.1,All
Richland,Inpatient,All,All,2016,Total,,,3.3,All
Ross,Inpatient,All,All,2016,Total,,,2.3,All
Sandusky,Inpatient,All,All,2016,Total,,,3.7,All
Scioto,Inpatient,All,All,2016,Total,,,3.1,All
Seneca,Inpatient,All,All,2016,Total,,,3.8,All
Shelby,Inpatient,All,All,2016,Total,,,2.7,All
Stark,Inpatient,All,All,2016,Total,,,4,All
Summit,Inpatient,All,All,2016,Total,,,3.9,All
Trumbull,Inpatient,All,All,2016,Total,,,5,All
Tuscarawas,Inpatient,All,All,2016,Total,,,1.8,All
Union,Inpatient,All,All,2016,Total,,,1.9,All
Van Wert,Inpatient,All,All,2016,Total,,,3.2,All
Vinton,Inpatient,All,All,2016,Total,,,3,All
Warren,Inpatient,All,All,2016,Total,,,2,All
Washington,Inpatient,All,All,2016,Total,,,1.5,All
Wayne,Inpatient,All,All,2016,Total,,,3.2,All
Williams,Inpatient,All,All,2016,Total,,,4.3,All
Wood,Inpatient,All,All,2016,Total,,,3.3,All
Wyandot,Inpatient,All,All,2016,Total,,,2.2,All
Ohio,Inpatient,All,All,2016,Total,,,5.8,All
Ohio,Inpatient,child,1,2013,Total,224,,,All
Ohio,Inpatient,child,2,2013,Total,231,,,All
Ohio,Inpatient,child,3,2013,Total,355,,,All
Ohio,Inpatient,child,4,2013,Total,333,,,All
Ohio,Inpatient,child,5,2013,Total,434,,,All
Ohio,Inpatient,child,6,2013,Total,223,,,All
Ohio,Inpatient,child,7,2013,Total,167,,,All
Ohio,Inpatient,child,8,2013,Total,231,,,All
Ohio,Inpatient,child,9,2013,Total,401,,,All
Ohio,Inpatient,child,10,2013,Total,499,,,All
Ohio,Inpatient,child,11,2013,Total,458,,,All
Ohio,Inpatient,child,12,2013,Total,361,,,All
Ohio,Inpatient,child,1,2014,Total,182,,,All
Ohio,Inpatient,child,2,2014,Total,174,,,All
Ohio,Inpatient,child,3,2014,Total,280,,,All
Ohio,Inpatient,child,4,2014,Total,355,,,All
Ohio,Inpatient,child,5,2014,Total,342,,,All
Ohio,Inpatient,child,6,2014,Total,186,,,All
Ohio,Inpatient,child,7,2014,Total,413,,,All
Ohio,Inpatient,child,8,2014,Total,797,,,All
Ohio,Inpatient,child,9,2014,Total,884,,,All
Ohio,Inpatient,child,10,2014,Total,422,,,All
Ohio,Inpatient,child,11,2014,Total,352,,,All
Ohio,Inpatient,child,12,2014,Total,287,,,All
Ohio,Inpatient,child,1,2015,Total,251,,,All
Ohio,Inpatient,child,2,2015,Total,283,,,All
Ohio,Inpatient,child,3,2015,Total,308,,,All
Ohio,Inpatient,child,4,2015,Total,286,,,All
Ohio,Inpatient,child,5,2015,Total,344,,,All
Ohio,Inpatient,child,6,2015,Total,164,,,All
Ohio,Inpatient,child,7,2015,Total,141,,,All
Ohio,Inpatient,child,8,2015,Total,254,,,All
Ohio,Inpatient,child,9,2015,Total,428,,,All
Ohio,Inpatient,child,10,2015,Total,398,,,All
Ohio,Inpatient,child,11,2015,Total,359,,,All
Ohio,Inpatient,child,12,2015,Total,308,,,All
Ohio,Inpatient,child,1,2016,Total,212,,,All
Ohio,Inpatient,child,2,2016,Total,282,,,All
Ohio,Inpatient,child,3,2016,Total,284,,,All
Ohio,Inpatient,child,4,2016,Total,246,,,All
Ohio,Inpatient,child,5,2016,Total,315,,,All
Ohio,Inpatient,child,6,2016,Total,135,,,All
Ohio,Inpatient,child,7,2016,Total,134,,,All
Ohio,Inpatient,child,8,2016,Total,200,,,All
Ohio,Inpatient,child,9,2016,Total,286,,,All
Ohio,Inpatient,child,10,2016,Total,394,,,All
Ohio,Inpatient,child,11,2016,Total,339,,,All
Ohio,Inpatient,child,12,2016,Total,190,,,All
Ohio,ED,child,1,2013,Total,"1,469",,,All
Ohio,ED,child,2,2013,Total,"1,376",,,All
Ohio,ED,child,3,2013,Total,"1,743",,,All
Ohio,ED,child,4,2013,Total,"1,803",,,All
Ohio,ED,child,5,2013,Total,"2,500",,,All
Ohio,ED,child,6,2013,Total,"1,243",,,All
Ohio,ED,child,7,2013,Total,"1,098",,,All
Ohio,ED,child,8,2013,Total,"1,352",,,All
Ohio,ED,child,9,2013,Total,"2,278",,,All
Ohio,ED,child,10,2013,Total,"2,504",,,All
Ohio,ED,child,11,2013,Total,"2,157",,,All
Ohio,ED,child,12,2013,Total,"1,868",,,All
Ohio,ED,child,1,2014,Total,"1,175",,,All
Ohio,ED,child,2,2014,Total,"1,034",,,All
Ohio,ED,child,3,2014,Total,"1,559",,,All
Ohio,ED,child,4,2014,Total,"1,780",,,All
Ohio,ED,child,5,2014,Total,"2,035",,,All
Ohio,ED,child,6,2014,Total,"1,174",,,All
Ohio,ED,child,7,2014,Total,"1,442",,,All
Ohio,ED,child,8,2014,Total,"2,427",,,All
Ohio,ED,child,9,2014,Total,"3,428",,,All
Ohio,ED,child,10,2014,Total,"2,267",,,All
Ohio,ED,child,11,2014,Total,"1,905",,,All
Ohio,ED,child,12,2014,Total,"2,037",,,All
Ohio,ED,child,1,2015,Total,"1,334",,,All
Ohio,ED,child,2,2015,Total,"1,416",,,All
Ohio,ED,child,3,2015,Total,"1,717",,,All
Ohio,ED,child,4,2015,Total,"1,730",,,All
Ohio,ED,child,5,2015,Total,"1,999",,,All
Ohio,ED,child,6,2015,Total,995,,,All
Ohio,ED,child,7,2015,Total,978,,,All
Ohio,ED,child,8,2015,Total,"1,319",,,All
Ohio,ED,child,9,2015,Total,"2,171",,,All
Ohio,ED,child,10,2015,Total,"2,156",,,All
Ohio,ED,child,11,2015,Total,"2,095",,,All
Ohio,ED,child,12,2015,Total,"1,859",,,All
Ohio,ED,child,1,2016,Total,"1,443",,,All
Ohio,ED,child,2,2016,Total,"1,548",,,All
Ohio,ED,child,3,2016,Total,"1,839",,,All
Ohio,ED,child,4,2016,Total,"1,545",,,All
Ohio,ED,child,5,2016,Total,"1,843",,,All
Ohio,ED,child,6,2016,Total,900,,,All
Ohio,ED,child,7,2016,Total,836,,,All
Ohio,ED,child,8,2016,Total,"1,190",,,All
Ohio,ED,child,9,2016,Total,"1,794",,,All
Ohio,ED,child,10,2016,Total,"2,108",,,All
Ohio,ED,child,11,2016,Total,"2,129",,,All
Ohio,ED,child,12,2016,Total,"1,709",,,All
Ohio,Inpatient,adult,1,2013,Total,"1,285",,,All
Ohio,Inpatient,adult,2,2013,Total,"1,097",,,All
Ohio,Inpatient,adult,3,2013,Total,"1,072",,,All
Ohio,Inpatient,adult,4,2013,Total,"1,084",,,All
Ohio,Inpatient,adult,5,2013,Total,"1,072",,,All
Ohio,Inpatient,adult,6,2013,Total,876,,,All
Ohio,Inpatient,adult,7,2013,Total,801,,,All
Ohio,Inpatient,adult,8,2013,Total,866,,,All
Ohio,Inpatient,adult,9,2013,Total,964,,,All
Ohio,Inpatient,adult,10,2013,Total,938,,,All
Ohio,Inpatient,adult,11,2013,Total,905,,,All
Ohio,Inpatient,adult,12,2013,Total,"1,003",,,All
Ohio,Inpatient,adult,1,2014,Total,"1,121",,,All
Ohio,Inpatient,adult,2,2014,Total,803,,,All
Ohio,Inpatient,adult,3,2014,Total,964,,,All
Ohio,Inpatient,adult,4,2014,Total,977,,,All
Ohio,Inpatient,adult,5,2014,Total,969,,,All
Ohio,Inpatient,adult,6,2014,Total,868,,,All
Ohio,Inpatient,adult,7,2014,Total,762,,,All
Ohio,Inpatient,adult,8,2014,Total,818,,,All
Ohio,Inpatient,adult,9,2014,Total,"1,095",,,All
Ohio,Inpatient,adult,10,2014,Total,995,,,All
Ohio,Inpatient,adult,11,2014,Total,861,,,All
Ohio,Inpatient,adult,12,2014,Total,"1,344",,,All
Ohio,Inpatient,adult,1,2015,Total,"1,073",,,All
Ohio,Inpatient,adult,2,2015,Total,927,,,All
Ohio,Inpatient,adult,3,2015,Total,"1,062",,,All
Ohio,Inpatient,adult,4,2015,Total,"1,170",,,All
Ohio,Inpatient,adult,5,2015,Total,947,,,All
Ohio,Inpatient,adult,6,2015,Total,847,,,All
Ohio,Inpatient,adult,7,2015,Total,799,,,All
Ohio,Inpatient,adult,8,2015,Total,777,,,All
Ohio,Inpatient,adult,9,2015,Total,937,,,All
Ohio,Inpatient,adult,10,2015,Total,325,,,All
Ohio,Inpatient,adult,11,2015,Total,300,,,All
Ohio,Inpatient,adult,12,2015,Total,342,,,All
Ohio,Inpatient,adult,1,2016,Total,342,,,All
Ohio,Inpatient,adult,2,2016,Total,381,,,All
Ohio,Inpatient,adult,3,2016,Total,387,,,All
Ohio,Inpatient,adult,4,2016,Total,325,,,All
Ohio,Inpatient,adult,5,2016,Total,319,,,All
Ohio,Inpatient,adult,6,2016,Total,225,,,All
Ohio,Inpatient,adult,7,2016,Total,257,,,All
Ohio,Inpatient,adult,8,2016,Total,218,,,All
Ohio,Inpatient,adult,9,2016,Total,301,,,All
Ohio,Inpatient,adult,10,2016,Total,277,,,All
Ohio,Inpatient,adult,11,2016,Total,302,,,All
Ohio,Inpatient,adult,12,2016,Total,292,,,All
Ohio,ED,adult,1,2013,Total,"3,443",,,All
Ohio,ED,adult,2,2013,Total,"2,753",,,All
Ohio,ED,adult,3,2013,Total,"3,253",,,All
Ohio,ED,adult,4,2013,Total,"3,127",,,All
Ohio,ED,adult,5,2013,Total,"3,949",,,All
Ohio,ED,adult,6,2013,Total,"3,212",,,All
Ohio,ED,adult,7,2013,Total,"3,034",,,All
Ohio,ED,adult,8,2013,Total,"2,965",,,All
Ohio,ED,adult,9,2013,Total,"3,919",,,All
Ohio,ED,adult,10,2013,Total,"3,585",,,All
Ohio,ED,adult,11,2013,Total,"3,349",,,All
Ohio,ED,adult,12,2013,Total,"3,254",,,All
Ohio,ED,adult,1,2014,Total,"3,009",,,All
Ohio,ED,adult,2,2014,Total,"2,439",,,All
Ohio,ED,adult,3,2014,Total,"2,908",,,All
Ohio,ED,adult,4,2014,Total,"3,206",,,All
Ohio,ED,adult,5,2014,Total,"3,729",,,All
Ohio,ED,adult,6,2014,Total,"3,120",,,All
Ohio,ED,adult,7,2014,Total,"2,947",,,All
Ohio,ED,adult,8,2014,Total,"3,462",,,All
Ohio,ED,adult,9,2014,Total,"4,392",,,All
Ohio,ED,adult,10,2014,Total,"3,801",,,All
Ohio,ED,adult,11,2014,Total,"3,243",,,All
Ohio,ED,adult,12,2014,Total,"3,763",,,All
Ohio,ED,adult,1,2015,Total,"2,834",,,All
Ohio,ED,adult,2,2015,Total,"2,500",,,All
Ohio,ED,adult,3,2015,Total,"3,242",,,All
Ohio,ED,adult,4,2015,Total,"3,471",,,All
Ohio,ED,adult,5,2015,Total,"3,742",,,All
Ohio,ED,adult,6,2015,Total,"3,153",,,All
Ohio,ED,adult,7,2015,Total,"2,996",,,All
Ohio,ED,adult,8,2015,Total,"3,126",,,All
Ohio,ED,adult,9,2015,Total,"3,795",,,All
Ohio,ED,adult,10,2015,Total,"3,371",,,All
Ohio,ED,adult,11,2015,Total,"2,984",,,All
Ohio,ED,adult,12,2015,Total,"2,834",,,All
Ohio,ED,adult,1,2016,Total,"2,653",,,All
Ohio,ED,adult,2,2016,Total,"2,602",,,All
Ohio,ED,adult,3,2016,Total,"3,054",,,All
Ohio,ED,adult,4,2016,Total,"2,749",,,All
Ohio,ED,adult,5,2016,Total,"3,176",,,All
Ohio,ED,adult,6,2016,Total,"2,675",,,All
Ohio,ED,adult,7,2016,Total,"2,451",,,All
Ohio,ED,adult,8,2016,Total,"2,541",,,All
Ohio,ED,adult,9,2016,Total,"3,256",,,All
Ohio,ED,adult,10,2016,Total,"2,932",,,All
Ohio,ED,adult,11,2016,Total,"3,032",,,All
Ohio,ED,adult,12,2016,Total,"2,948",,,All
Ohio,Inpatient,All,1,2013,Total,"1,509",,,All
Ohio,Inpatient,All,2,2013,Total,"1,328",,,All
Ohio,Inpatient,All,3,2013,Total,"1,427",,,All
Ohio,Inpatient,All,4,2013,Total,"1,417",,,All
Ohio,Inpatient,All,5,2013,Total,"1,506",,,All
Ohio,Inpatient,All,6,2013,Total,"1,099",,,All
Ohio,Inpatient,All,7,2013,Total,968,,,All
Ohio,Inpatient,All,8,2013,Total,"1,097",,,All
Ohio,Inpatient,All,9,2013,Total,"1,365",,,All
Ohio,Inpatient,All,10,2013,Total,"1,437",,,All
Ohio,Inpatient,All,11,2013,Total,"1,363",,,All
Ohio,Inpatient,All,12,2013,Total,"1,364",,,All
Ohio,Inpatient,All,1,2014,Total,"1,303",,,All
Ohio,Inpatient,All,2,2014,Total,977,,,All
Ohio,Inpatient,All,3,2014,Total,"1,244",,,All
Ohio,Inpatient,All,4,2014,Total,"1,332",,,All
Ohio,Inpatient,All,5,2014,Total,"1,311",,,All
Ohio,Inpatient,All,6,2014,Total,"1,054",,,All
Ohio,Inpatient,All,7,2014,Total,"1,175",,,All
Ohio,Inpatient,All,8,2014,Total,"1,615",,,All
Ohio,Inpatient,All,9,2014,Total,"1,979",,,All
Ohio,Inpatient,All,10,2014,Total,"1,417",,,All
Ohio,Inpatient,All,11,2014,Total,"1,213",,,All
Ohio,Inpatient,All,12,2014,Total,"1,631",,,All
Ohio,Inpatient,All,1,2015,Total,"1,324",,,All
Ohio,Inpatient,All,2,2015,Total,"1,210",,,All
Ohio,Inpatient,All,3,2015,Total,"1,370",,,All
Ohio,Inpatient,All,4,2015,Total,"1,456",,,All
Ohio,Inpatient,All,5,2015,Total,"1,291",,,All
Ohio,Inpatient,All,6,2015,Total,"1,011",,,All
Ohio,Inpatient,All,7,2015,Total,940,,,All
Ohio,Inpatient,All,8,2015,Total,"1,031",,,All
Ohio,Inpatient,All,9,2015,Total,"1,365",,,All
Ohio,Inpatient,All,10,2015,Total,723,,,All
Ohio,Inpatient,All,11,2015,Total,659,,,All
Ohio,Inpatient,All,12,2015,Total,650,,,All
Ohio,Inpatient,All,1,2016,Total,554,,,All
Ohio,Inpatient,All,2,2016,Total,663,,,All
Ohio,Inpatient,All,3,2016,Total,671,,,All
Ohio,Inpatient,All,4,2016,Total,571,,,All
Ohio,Inpatient,All,5,2016,Total,634,,,All
Ohio,Inpatient,All,6,2016,Total,360,,,All
Ohio,Inpatient,All,7,2016,Total,391,,,All
Ohio,Inpatient,All,8,2016,Total,418,,,All
Ohio,Inpatient,All,9,2016,Total,587,,,All
Ohio,Inpatient,All,10,2016,Total,671,,,All
Ohio,Inpatient,All,11,2016,Total,641,,,All
Ohio,Inpatient,All,12,2016,Total,482,,,All
Ohio,ED,All,1,2013,Total,"4,912",,,All
Ohio,ED,All,2,2013,Total,"4,129",,,All
Ohio,ED,All,3,2013,Total,"4,996",,,All
Ohio,ED,All,4,2013,Total,"4,930",,,All
Ohio,ED,All,5,2013,Total,"6,449",,,All
Ohio,ED,All,6,2013,Total,"4,455",,,All
Ohio,ED,All,7,2013,Total,"4,132",,,All
Ohio,ED,All,8,2013,Total,"4,317",,,All
Ohio,ED,All,9,2013,Total,"6,197",,,All
Ohio,ED,All,10,2013,Total,"6,089",,,All
Ohio,ED,All,11,2013,Total,"5,506",,,All
Ohio,ED,All,12,2013,Total,"5,122",,,All
Ohio,ED,All,1,2014,Total,"4,184",,,All
Ohio,ED,All,2,2014,Total,"3,473",,,All
Ohio,ED,All,3,2014,Total,"4,467",,,All
Ohio,ED,All,4,2014,Total,"4,986",,,All
Ohio,ED,All,5,2014,Total,"5,764",,,All
Ohio,ED,All,6,2014,Total,"4,294",,,All
Ohio,ED,All,7,2014,Total,"4,389",,,All
Ohio,ED,All,8,2014,Total,"5,889",,,All
Ohio,ED,All,9,2014,Total,"7,820",,,All
Ohio,ED,All,10,2014,Total,"6,068",,,All
Ohio,ED,All,11,2014,Total,"5,148",,,All
Ohio,ED,All,12,2014,Total,"5,800",,,All
Ohio,ED,All,1,2015,Total,"4,168",,,All
Ohio,ED,All,2,2015,Total,"3,916",,,All
Ohio,ED,All,3,2015,Total,"4,959",,,All
Ohio,ED,All,4,2015,Total,"5,201",,,All
Ohio,ED,All,5,2015,Total,"5,741",,,All
Ohio,ED,All,6,2015,Total,"4,148",,,All
Ohio,ED,All,7,2015,Total,"3,974",,,All
Ohio,ED,All,8,2015,Total,"4,445",,,All
Ohio,ED,All,9,2015,Total,"5,966",,,All
Ohio,ED,All,10,2015,Total,"5,527",,,All
Ohio,ED,All,11,2015,Total,"5,079",,,All
Ohio,ED,All,12,2015,Total,"4,693",,,All
Ohio,ED,All,1,2016,Total,"4,096",,,All
Ohio,ED,All,2,2016,Total,"4,150",,,All
Ohio,ED,All,3,2016,Total,"4,893",,,All
Ohio,ED,All,4,2016,Total,"4,294",,,All
Ohio,ED,All,5,2016,Total,"5,019",,,All
Ohio,ED,All,6,2016,Total,"3,575",,,All
Ohio,ED,All,7,2016,Total,"3,287",,,All
Ohio,ED,All,8,2016,Total,"3,731",,,All
Ohio,ED,All,9,2016,Total,"5,050",,,All
Ohio,ED,All,10,2016,Total,"5,040",,,All
Ohio,ED,All,11,2016,Total,"5,161",,,All
Ohio,ED,All,12,2016,Total,"4,657",,,All