year,state,county,outcome,rate
2002,NY,Albany,asthma,95.46
2003,NY,Albany,asthma,106.57
2004,NY,Albany,asthma,121.51
2005,NY,Albany,asthma,135.71
2006,NY,Albany,asthma,139.58
2007,NY,Albany,asthma,133.67
2008,NY,Albany,asthma,125.21
2009,NY,Albany,asthma,132.65
2010,NY,Albany,asthma,135.43
2011,NY,Albany,asthma,137.6
2012,NY,Albany,asthma,125.59
2013,NY,Albany,asthma,114.04
2014,NY,Albany,asthma,105.92
2015,NY,Albany,asthma,96.54
2016,NY,Albany,asthma,82.98
2017,NY,Albany,asthma,74.07
2018,NY,Albany,asthma,68.22
2002,NY,Allegany,asthma,129.83
2003,NY,Allegany,asthma,122.82
2004,NY,Allegany,asthma,128.89
2005,NY,Allegany,asthma,125.57
2006,NY,Allegany,asthma,118.41
2007,NY,Allegany,asthma,118.17
2008,NY,Allegany,asthma,104.9
2009,NY,Allegany,asthma,113.12
2010,NY,Allegany,asthma,108.44
2011,NY,Allegany,asthma,110.15
2012,NY,Allegany,asthma,94.45
2013,NY,Allegany,asthma,79.71
2014,NY,Allegany,asthma,75.38
2015,NY,Allegany,asthma,68
2016,NY,Allegany,asthma,59
2017,NY,Allegany,asthma,40.78
2018,NY,Allegany,asthma,34.37
2002,NY,Bronx,asthma,636.75
2003,NY,Bronx,asthma,678.71
2004,NY,Bronx,asthma,703.02
2005,NY,Bronx,asthma,693.03
2006,NY,Bronx,asthma,662.59
2007,NY,Bronx,asthma,648.54
2008,NY,Bronx,asthma,667.04
2009,NY,Bronx,asthma,688.6
2010,NY,Bronx,asthma,679.23
2011,NY,Bronx,asthma,650.11
2012,NY,Bronx,asthma,612.42
2013,NY,Bronx,asthma,588.31
2014,NY,Bronx,asthma,575.02
2015,NY,Bronx,asthma,539.75
2016,NY,Bronx,asthma,485.78
2017,NY,Bronx,asthma,413.7
2018,NY,Bronx,asthma,361.19
2002,NY,Broome,asthma,92.81
2003,NY,Broome,asthma,95.82
2004,NY,Broome,asthma,86.37
2005,NY,Broome,asthma,79.5
2006,NY,Broome,asthma,79.2
2007,NY,Broome,asthma,83.75
2008,NY,Broome,asthma,99.16
2009,NY,Broome,asthma,108.65
2010,NY,Broome,asthma,109.69
2011,NY,Broome,asthma,109.62
2012,NY,Broome,asthma,105.65
2013,NY,Broome,asthma,105.46
2014,NY,Broome,asthma,98.07
2015,NY,Broome,asthma,92.18
2016,NY,Broome,asthma,81.76
2017,NY,Broome,asthma,73.29
2018,NY,Broome,asthma,68.42
2002,NY,Cattaraugus,asthma,95.87
2003,NY,Cattaraugus,asthma,97.68
2004,NY,Cattaraugus,asthma,103.72
2005,NY,Cattaraugus,asthma,111.71
2006,NY,Cattaraugus,asthma,118.46
2007,NY,Cattaraugus,asthma,103.58
2008,NY,Cattaraugus,asthma,97.3
2009,NY,Cattaraugus,asthma,104.84
2010,NY,Cattaraugus,asthma,116.8
2011,NY,Cattaraugus,asthma,121.05
2012,NY,Cattaraugus,asthma,98.73
2013,NY,Cattaraugus,asthma,88.65
2014,NY,Cattaraugus,asthma,77.04
2015,NY,Cattaraugus,asthma,73.03
2016,NY,Cattaraugus,asthma,50.27
2017,NY,Cattaraugus,asthma,39.75
2018,NY,Cattaraugus,asthma,29.68
2002,NY,Cayuga,asthma,128.59
2003,NY,Cayuga,asthma,128.11
2004,NY,Cayuga,asthma,128.9
2005,NY,Cayuga,asthma,128.05
2006,NY,Cayuga,asthma,109.59
2007,NY,Cayuga,asthma,91.27
2008,NY,Cayuga,asthma,83.4
2009,NY,Cayuga,asthma,89.87
2010,NY,Cayuga,asthma,102.73
2011,NY,Cayuga,asthma,104.36
2012,NY,Cayuga,asthma,93.56
2013,NY,Cayuga,asthma,86.64
2014,NY,Cayuga,asthma,79.6
2015,NY,Cayuga,asthma,68.84
2016,NY,Cayuga,asthma,49.93
2017,NY,Cayuga,asthma,40.62
2018,NY,Cayuga,asthma,37.21
2002,NY,Chautauqua,asthma,116.28
2003,NY,Chautauqua,asthma,115.49
2004,NY,Chautauqua,asthma,117.89
2005,NY,Chautauqua,asthma,120.84
2006,NY,Chautauqua,asthma,118.69
2007,NY,Chautauqua,asthma,111.74
2008,NY,Chautauqua,asthma,100.59
2009,NY,Chautauqua,asthma,97.01
2010,NY,Chautauqua,asthma,94.87
2011,NY,Chautauqua,asthma,90.37
2012,NY,Chautauqua,asthma,84.9
2013,NY,Chautauqua,asthma,76.26
2014,NY,Chautauqua,asthma,74.1
2015,NY,Chautauqua,asthma,65.36
2016,NY,Chautauqua,asthma,59.58
2017,NY,Chautauqua,asthma,47.68
2018,NY,Chautauqua,asthma,41.69
2002,NY,Chemung,asthma,125.02
2003,NY,Chemung,asthma,146.02
2004,NY,Chemung,asthma,156.25
2005,NY,Chemung,asthma,157.89
2006,NY,Chemung,asthma,147.65
2007,NY,Chemung,asthma,141.53
2008,NY,Chemung,asthma,134.46
2009,NY,Chemung,asthma,144.81
2010,NY,Chemung,asthma,149.49
2011,NY,Chemung,asthma,148.11
2012,NY,Chemung,asthma,140.45
2013,NY,Chemung,asthma,127.94
2014,NY,Chemung,asthma,115.02
2015,NY,Chemung,asthma,88.15
2016,NY,Chemung,asthma,65.01
2017,NY,Chemung,asthma,46.56
2018,NY,Chemung,asthma,40.7
2002,NY,Chenango,asthma,87.43
2003,NY,Chenango,asthma,96.57
2004,NY,Chenango,asthma,91.93
2005,NY,Chenango,asthma,79.1
2006,NY,Chenango,asthma,78.07
2007,NY,Chenango,asthma,78.12
2008,NY,Chenango,asthma,74.41
2009,NY,Chenango,asthma,71.99
2010,NY,Chenango,asthma,71.36
2011,NY,Chenango,asthma,74.72
2012,NY,Chenango,asthma,76.65
2013,NY,Chenango,asthma,71.64
2014,NY,Chenango,asthma,67.33
2015,NY,Chenango,asthma,58.52
2016,NY,Chenango,asthma,47.69
2017,NY,Chenango,asthma,32.68
2018,NY,Chenango,asthma,23.51
2002,NY,Clinton,asthma,139.18
2003,NY,Clinton,asthma,149.17
2004,NY,Clinton,asthma,152.49
2005,NY,Clinton,asthma,175.22
2006,NY,Clinton,asthma,168.11
2007,NY,Clinton,asthma,162.1
2008,NY,Clinton,asthma,135.63
2009,NY,Clinton,asthma,147.4
2010,NY,Clinton,asthma,153.01
2011,NY,Clinton,asthma,159.36
2012,NY,Clinton,asthma,139.57
2013,NY,Clinton,asthma,112.15
2014,NY,Clinton,asthma,90.84
2015,NY,Clinton,asthma,82.13
2016,NY,Clinton,asthma,61.67
2017,NY,Clinton,asthma,42.69
2018,NY,Clinton,asthma,22.47
2002,NY,Columbia,asthma,35.29
2003,NY,Columbia,asthma,51.12
2004,NY,Columbia,asthma,66.81
2005,NY,Columbia,asthma,75.52
2006,NY,Columbia,asthma,65.91
2007,NY,Columbia,asthma,66.89
2008,NY,Columbia,asthma,67.77
2009,NY,Columbia,asthma,78.76
2010,NY,Columbia,asthma,83.4
2011,NY,Columbia,asthma,85.4
2012,NY,Columbia,asthma,87.53
2013,NY,Columbia,asthma,84.66
2014,NY,Columbia,asthma,94.61
2015,NY,Columbia,asthma,95.33
2016,NY,Columbia,asthma,90.8
2017,NY,Columbia,asthma,73.4
2018,NY,Columbia,asthma,64.41
2002,NY,Cortland,asthma,125.39
2003,NY,Cortland,asthma,114.87
2004,NY,Cortland,asthma,106.2
2005,NY,Cortland,asthma,92.58
2006,NY,Cortland,asthma,82.94
2007,NY,Cortland,asthma,81.71
2008,NY,Cortland,asthma,82.59
2009,NY,Cortland,asthma,73.87
2010,NY,Cortland,asthma,70.86
2011,NY,Cortland,asthma,62.27
2012,NY,Cortland,asthma,70.7
2013,NY,Cortland,asthma,67.92
2014,NY,Cortland,asthma,60.95
2015,NY,Cortland,asthma,46.48
2016,NY,Cortland,asthma,37.31
2017,NY,Cortland,asthma,33.79
2018,NY,Cortland,asthma,40.3
2002,NY,Delaware,asthma,119.73
2003,NY,Delaware,asthma,135.4
2004,NY,Delaware,asthma,127.06
2005,NY,Delaware,asthma,126.42
2006,NY,Delaware,asthma,116.26
2007,NY,Delaware,asthma,117.04
2008,NY,Delaware,asthma,113.44
2009,NY,Delaware,asthma,108.29
2010,NY,Delaware,asthma,94.13
2011,NY,Delaware,asthma,94.65
2012,NY,Delaware,asthma,82.7
2013,NY,Delaware,asthma,89.79
2014,NY,Delaware,asthma,73.1
2015,NY,Delaware,asthma,65.77
2016,NY,Delaware,asthma,45.99
2017,NY,Delaware,asthma,38.69
2018,NY,Delaware,asthma,36.96
2002,NY,Dutchess,asthma,109.4
2003,NY,Dutchess,asthma,113.77
2004,NY,Dutchess,asthma,122.33
2005,NY,Dutchess,asthma,120.77
2006,NY,Dutchess,asthma,120.68
2007,NY,Dutchess,asthma,119.01
2008,NY,Dutchess,asthma,124.03
2009,NY,Dutchess,asthma,134.34
2010,NY,Dutchess,asthma,126.29
2011,NY,Dutchess,asthma,121.06
2012,NY,Dutchess,asthma,116.08
2013,NY,Dutchess,asthma,125.83
2014,NY,Dutchess,asthma,134.49
2015,NY,Dutchess,asthma,131.51
2016,NY,Dutchess,asthma,121.08
2017,NY,Dutchess,asthma,110.07
2018,NY,Dutchess,asthma,104.79
2002,NY,Erie,asthma,104.5
2003,NY,Erie,asthma,114.4
2004,NY,Erie,asthma,121.93
2005,NY,Erie,asthma,132.13
2006,NY,Erie,asthma,135.66
2007,NY,Erie,asthma,134.83
2008,NY,Erie,asthma,129.13
2009,NY,Erie,asthma,134.99
2010,NY,Erie,asthma,137.29
2011,NY,Erie,asthma,132.66
2012,NY,Erie,asthma,115.12
2013,NY,Erie,asthma,102.57
2014,NY,Erie,asthma,105.05
2015,NY,Erie,asthma,99.24
2016,NY,Erie,asthma,95.86
2017,NY,Erie,asthma,86.15
2018,NY,Erie,asthma,83.05
2002,NY,Essex,asthma,51.56
2003,NY,Essex,asthma,61.45
2004,NY,Essex,asthma,64.99
2005,NY,Essex,asthma,67.31
2006,NY,Essex,asthma,64.17
2007,NY,Essex,asthma,58.07
2008,NY,Essex,asthma,66.29
2009,NY,Essex,asthma,64.11
2010,NY,Essex,asthma,74.22
2011,NY,Essex,asthma,65.67
2012,NY,Essex,asthma,62.36
2013,NY,Essex,asthma,43.05
2014,NY,Essex,asthma,38.32
2015,NY,Essex,asthma,28.79
2016,NY,Essex,asthma,24.67
2017,NY,Essex,asthma,17.7
2018,NY,Essex,asthma,10.96
2002,NY,Franklin,asthma,102.5
2003,NY,Franklin,asthma,105.15
2004,NY,Franklin,asthma,107.97
2005,NY,Franklin,asthma,99.16
2006,NY,Franklin,asthma,83.98
2007,NY,Franklin,asthma,87.12
2008,NY,Franklin,asthma,94.97
2009,NY,Franklin,asthma,122.14
2010,NY,Franklin,asthma,136.68
2011,NY,Franklin,asthma,138.74
2012,NY,Franklin,asthma,109.21
2013,NY,Franklin,asthma,84.08
2014,NY,Franklin,asthma,64.36
2015,NY,Franklin,asthma,56.64
2016,NY,Franklin,asthma,44.36
2017,NY,Franklin,asthma,31.97
2018,NY,Franklin,asthma,25.54
2002,NY,Fulton,asthma,203.3
2003,NY,Fulton,asthma,190.55
2004,NY,Fulton,asthma,176.8
2005,NY,Fulton,asthma,192.21
2006,NY,Fulton,asthma,201.13
2007,NY,Fulton,asthma,195.47
2008,NY,Fulton,asthma,180.74
2009,NY,Fulton,asthma,183.36
2010,NY,Fulton,asthma,191.43
2011,NY,Fulton,asthma,192.92
2012,NY,Fulton,asthma,156.84
2013,NY,Fulton,asthma,140.61
2014,NY,Fulton,asthma,125.21
2015,NY,Fulton,asthma,120.15
2016,NY,Fulton,asthma,96.19
2017,NY,Fulton,asthma,67.42
2018,NY,Fulton,asthma,43.23
2002,NY,Genesee,asthma,87.8
2003,NY,Genesee,asthma,88.54
2004,NY,Genesee,asthma,87.16
2005,NY,Genesee,asthma,111.01
2006,NY,Genesee,asthma,121.76
2007,NY,Genesee,asthma,124.09
2008,NY,Genesee,asthma,106.94
2009,NY,Genesee,asthma,93.05
2010,NY,Genesee,asthma,86.4
2011,NY,Genesee,asthma,78.43
2012,NY,Genesee,asthma,73.78
2013,NY,Genesee,asthma,67.66
2014,NY,Genesee,asthma,60.31
2015,NY,Genesee,asthma,50.47
2016,NY,Genesee,asthma,37.19
2017,NY,Genesee,asthma,34.13
2018,NY,Genesee,asthma,32.1
2002,NY,Greene,asthma,51.32
2003,NY,Greene,asthma,70.88
2004,NY,Greene,asthma,77.2
2005,NY,Greene,asthma,91.19
2006,NY,Greene,asthma,86.29
2007,NY,Greene,asthma,88.69
2008,NY,Greene,asthma,91.58
2009,NY,Greene,asthma,96.14
2010,NY,Greene,asthma,100.15
2011,NY,Greene,asthma,93.89
2012,NY,Greene,asthma,96.69
2013,NY,Greene,asthma,94.45
2014,NY,Greene,asthma,80.91
2015,NY,Greene,asthma,69.55
2016,NY,Greene,asthma,58.85
2017,NY,Greene,asthma,61.76
2018,NY,Greene,asthma,51.34
2002,NY,Hamilton,asthma,85.79
2003,NY,Hamilton,asthma,94.93
2004,NY,Hamilton,asthma,64.19
2005,NY,Hamilton,asthma,58.92
2006,NY,Hamilton,asthma,64.08
2007,NY,Hamilton,asthma,92.95
2008,NY,Hamilton,asthma,70.79
2009,NY,Hamilton,asthma,58.16
2010,NY,Hamilton,asthma,27.89
2011,NY,Hamilton,asthma,26.07
2012,NY,Hamilton,asthma,32.18
2013,NY,Hamilton,asthma,29.22
2014,NY,Hamilton,asthma,20.47
2015,NY,Hamilton,asthma,3.24
2016,NY,Hamilton,asthma,4.51
2017,NY,Hamilton,asthma,8.38
2018,NY,Hamilton,asthma,7.84
2002,NY,Herkimer,asthma,118.1
2003,NY,Herkimer,asthma,113.57
2004,NY,Herkimer,asthma,99.42
2005,NY,Herkimer,asthma,98.8
2006,NY,Herkimer,asthma,99.41
2007,NY,Herkimer,asthma,87.65
2008,NY,Herkimer,asthma,83.51
2009,NY,Herkimer,asthma,78.16
2010,NY,Herkimer,asthma,85.74
2011,NY,Herkimer,asthma,77.77
2012,NY,Herkimer,asthma,80.25
2013,NY,Herkimer,asthma,67.29
2014,NY,Herkimer,asthma,81.16
2015,NY,Herkimer,asthma,67.42
2016,NY,Herkimer,asthma,61.27
2017,NY,Herkimer,asthma,42.58
2018,NY,Herkimer,asthma,36.89
2002,NY,Jefferson,asthma,113.73
2003,NY,Jefferson,asthma,117.86
2004,NY,Jefferson,asthma,119.37
2005,NY,Jefferson,asthma,111.21
2006,NY,Jefferson,asthma,93.17
2007,NY,Jefferson,asthma,76.98
2008,NY,Jefferson,asthma,72.9
2009,NY,Jefferson,asthma,71.82
2010,NY,Jefferson,asthma,70.7
2011,NY,Jefferson,asthma,66.5
2012,NY,Jefferson,asthma,61.43
2013,NY,Jefferson,asthma,62.19
2014,NY,Jefferson,asthma,62.13
2015,NY,Jefferson,asthma,59.48
2016,NY,Jefferson,asthma,49.24
2017,NY,Jefferson,asthma,37.57
2018,NY,Jefferson,asthma,39.25
2002,NY,Kings,asthma,357.63
2003,NY,Kings,asthma,369.76
2004,NY,Kings,asthma,369.5
2005,NY,Kings,asthma,366.26
2006,NY,Kings,asthma,346.89
2007,NY,Kings,asthma,335.1
2008,NY,Kings,asthma,330.67
2009,NY,Kings,asthma,335.52
2010,NY,Kings,asthma,334.24
2011,NY,Kings,asthma,328.15
2012,NY,Kings,asthma,309.12
2013,NY,Kings,asthma,294.17
2014,NY,Kings,asthma,277.66
2015,NY,Kings,asthma,243.75
2016,NY,Kings,asthma,199.41
2017,NY,Kings,asthma,154.81
2018,NY,Kings,asthma,132.39
2002,NY,Lewis,asthma,103.01
2003,NY,Lewis,asthma,120.02
2004,NY,Lewis,asthma,106.27
2005,NY,Lewis,asthma,101.81
2006,NY,Lewis,asthma,80.05
2007,NY,Lewis,asthma,63.33
2008,NY,Lewis,asthma,71.58
2009,NY,Lewis,asthma,66.38
2010,NY,Lewis,asthma,74.01
2011,NY,Lewis,asthma,65.31
2012,NY,Lewis,asthma,79.01
2013,NY,Lewis,asthma,70.82
2014,NY,Lewis,asthma,70.13
2015,NY,Lewis,asthma,50.58
2016,NY,Lewis,asthma,44.45
2017,NY,Lewis,asthma,33.04
2018,NY,Lewis,asthma,36.35
2002,NY,Livingston,asthma,104.51
2003,NY,Livingston,asthma,104.2
2004,NY,Livingston,asthma,90.88
2005,NY,Livingston,asthma,78.91
2006,NY,Livingston,asthma,75.43
2007,NY,Livingston,asthma,81.81
2008,NY,Livingston,asthma,75.82
2009,NY,Livingston,asthma,81.25
2010,NY,Livingston,asthma,75.94
2011,NY,Livingston,asthma,79.55
2012,NY,Livingston,asthma,67.91
2013,NY,Livingston,asthma,63.18
2014,NY,Livingston,asthma,53.49
2015,NY,Livingston,asthma,43.83
2016,NY,Livingston,asthma,38.75
2017,NY,Livingston,asthma,39.35
2018,NY,Livingston,asthma,38.06
2002,NY,Madison,asthma,124.58
2003,NY,Madison,asthma,120.31
2004,NY,Madison,asthma,121.8
2005,NY,Madison,asthma,109.92
2006,NY,Madison,asthma,98.24
2007,NY,Madison,asthma,89.31
2008,NY,Madison,asthma,91.3
2009,NY,Madison,asthma,89.45
2010,NY,Madison,asthma,92.73
2011,NY,Madison,asthma,93.57
2012,NY,Madison,asthma,95.18
2013,NY,Madison,asthma,93.05
2014,NY,Madison,asthma,88.04
2015,NY,Madison,asthma,73.02
2016,NY,Madison,asthma,55.69
2017,NY,Madison,asthma,35.3
2018,NY,Madison,asthma,28.03
2002,NY,Monroe,asthma,109.25
2003,NY,Monroe,asthma,113.17
2004,NY,Monroe,asthma,112.07
2005,NY,Monroe,asthma,111.72
2006,NY,Monroe,asthma,109.13
2007,NY,Monroe,asthma,109.84
2008,NY,Monroe,asthma,110.5
2009,NY,Monroe,asthma,114.68
2010,NY,Monroe,asthma,115.54
2011,NY,Monroe,asthma,113.13
2012,NY,Monroe,asthma,108.9
2013,NY,Monroe,asthma,105.18
2014,NY,Monroe,asthma,102.84
2015,NY,Monroe,asthma,96.44
2016,NY,Monroe,asthma,88.17
2017,NY,Monroe,asthma,84.07
2018,NY,Monroe,asthma,80.63
2002,NY,Montgomery,asthma,108.05
2003,NY,Montgomery,asthma,128.85
2004,NY,Montgomery,asthma,125.58
2005,NY,Montgomery,asthma,136.19
2006,NY,Montgomery,asthma,123.23
2007,NY,Montgomery,asthma,119.83
2008,NY,Montgomery,asthma,117.02
2009,NY,Montgomery,asthma,108.52
2010,NY,Montgomery,asthma,105.43
2011,NY,Montgomery,asthma,107.78
2012,NY,Montgomery,asthma,110.16
2013,NY,Montgomery,asthma,110.28
2014,NY,Montgomery,asthma,94.47
2015,NY,Montgomery,asthma,85.63
2016,NY,Montgomery,asthma,64.32
2017,NY,Montgomery,asthma,53.78
2018,NY,Montgomery,asthma,42.64
2002,NY,Nassau,asthma,133.33
2003,NY,Nassau,asthma,142.63
2004,NY,Nassau,asthma,147.9
2005,NY,Nassau,asthma,151.4
2006,NY,Nassau,asthma,144.88
2007,NY,Nassau,asthma,140.69
2008,NY,Nassau,asthma,138.15
2009,NY,Nassau,asthma,141.9
2010,NY,Nassau,asthma,143.92
2011,NY,Nassau,asthma,147.08
2012,NY,Nassau,asthma,144.75
2013,NY,Nassau,asthma,141.12
2014,NY,Nassau,asthma,134.58
2015,NY,Nassau,asthma,124.47
2016,NY,Nassau,asthma,111.63
2017,NY,Nassau,asthma,96
2018,NY,Nassau,asthma,88.85
2002,NY,New York County,asthma,347.8
2003,NY,New York County,asthma,351.2
2004,NY,New York County,asthma,347.33
2005,NY,New York County,asthma,334.64
2006,NY,New York County,asthma,313.56
2007,NY,New York County,asthma,297.48
2008,NY,New York County,asthma,296.93
2009,NY,New York County,asthma,292.35
2010,NY,New York County,asthma,283.77
2011,NY,New York County,asthma,267.4
2012,NY,New York County,asthma,250.36
2013,NY,New York County,asthma,239.76
2014,NY,New York County,asthma,233.08
2015,NY,New York County,asthma,212.92
2016,NY,New York County,asthma,184
2017,NY,New York County,asthma,152.35
2018,NY,New York County,asthma,133.79
2002,NY,Niagara,asthma,96.64
2003,NY,Niagara,asthma,96.82
2004,NY,Niagara,asthma,100.98
2005,NY,Niagara,asthma,111.14
2006,NY,Niagara,asthma,120.76
2007,NY,Niagara,asthma,125.97
2008,NY,Niagara,asthma,121.73
2009,NY,Niagara,asthma,120.01
2010,NY,Niagara,asthma,111.44
2011,NY,Niagara,asthma,102.23
2012,NY,Niagara,asthma,89.74
2013,NY,Niagara,asthma,85.79
2014,NY,Niagara,asthma,78.88
2015,NY,Niagara,asthma,67
2016,NY,Niagara,asthma,58.79
2017,NY,Niagara,asthma,55.81
2018,NY,Niagara,asthma,55.58
2002,NY,Oneida,asthma,183.15
2003,NY,Oneida,asthma,183.6
2004,NY,Oneida,asthma,186.33
2005,NY,Oneida,asthma,173.71
2006,NY,Oneida,asthma,161.28
2007,NY,Oneida,asthma,147.88
2008,NY,Oneida,asthma,150.66
2009,NY,Oneida,asthma,154.84
2010,NY,Oneida,asthma,159.18
2011,NY,Oneida,asthma,150.8
2012,NY,Oneida,asthma,135.88
2013,NY,Oneida,asthma,123.84
2014,NY,Oneida,asthma,114.82
2015,NY,Oneida,asthma,100.46
2016,NY,Oneida,asthma,82.45
2017,NY,Oneida,asthma,61.82
2018,NY,Oneida,asthma,51.77
2002,NY,Onondaga,asthma,87.39
2003,NY,Onondaga,asthma,81.26
2004,NY,Onondaga,asthma,82.17
2005,NY,Onondaga,asthma,86
2006,NY,Onondaga,asthma,88.33
2007,NY,Onondaga,asthma,84.64
2008,NY,Onondaga,asthma,80.66
2009,NY,Onondaga,asthma,80.43
2010,NY,Onondaga,asthma,83.72
2011,NY,Onondaga,asthma,83.62
2012,NY,Onondaga,asthma,76.7
2013,NY,Onondaga,asthma,74.08
2014,NY,Onondaga,asthma,72.71
2015,NY,Onondaga,asthma,70.08
2016,NY,Onondaga,asthma,61.35
2017,NY,Onondaga,asthma,57.65
2018,NY,Onondaga,asthma,60.16
2002,NY,Ontario,asthma,69.81
2003,NY,Ontario,asthma,75.36
2004,NY,Ontario,asthma,76.37
2005,NY,Ontario,asthma,81.68
2006,NY,Ontario,asthma,72.86
2007,NY,Ontario,asthma,70.44
2008,NY,Ontario,asthma,64.86
2009,NY,Ontario,asthma,71.32
2010,NY,Ontario,asthma,61.64
2011,NY,Ontario,asthma,56.52
2012,NY,Ontario,asthma,40.26
2013,NY,Ontario,asthma,34.92
2014,NY,Ontario,asthma,35.7
2015,NY,Ontario,asthma,34.25
2016,NY,Ontario,asthma,35.48
2017,NY,Ontario,asthma,28.06
2018,NY,Ontario,asthma,29.73
2002,NY,Orange,asthma,207.77
2003,NY,Orange,asthma,209.96
2004,NY,Orange,asthma,197.28
2005,NY,Orange,asthma,180.26
2006,NY,Orange,asthma,160.62
2007,NY,Orange,asthma,149.24
2008,NY,Orange,asthma,140.94
2009,NY,Orange,asthma,138.26
2010,NY,Orange,asthma,136.08
2011,NY,Orange,asthma,144.47
2012,NY,Orange,asthma,135.51
2013,NY,Orange,asthma,130.33
2014,NY,Orange,asthma,125.99
2015,NY,Orange,asthma,130.99
2016,NY,Orange,asthma,122.48
2017,NY,Orange,asthma,98.15
2018,NY,Orange,asthma,79.37
2002,NY,Orleans,asthma,104.98
2003,NY,Orleans,asthma,86.85
2004,NY,Orleans,asthma,86.93
2005,NY,Orleans,asthma,86.72
2006,NY,Orleans,asthma,88.97
2007,NY,Orleans,asthma,85.71
2008,NY,Orleans,asthma,83.31
2009,NY,Orleans,asthma,79.86
2010,NY,Orleans,asthma,76.13
2011,NY,Orleans,asthma,68.03
2012,NY,Orleans,asthma,58.69
2013,NY,Orleans,asthma,62.03
2014,NY,Orleans,asthma,61.84
2015,NY,Orleans,asthma,62.84
2016,NY,Orleans,asthma,43.66
2017,NY,Orleans,asthma,31.75
2018,NY,Orleans,asthma,22.23
2002,NY,Oswego,asthma,100.09
2003,NY,Oswego,asthma,106.65
2004,NY,Oswego,asthma,102.81
2005,NY,Oswego,asthma,101.73
2006,NY,Oswego,asthma,91.18
2007,NY,Oswego,asthma,84.46
2008,NY,Oswego,asthma,81.87
2009,NY,Oswego,asthma,86.5
2010,NY,Oswego,asthma,88.18
2011,NY,Oswego,asthma,81.1
2012,NY,Oswego,asthma,67.94
2013,NY,Oswego,asthma,55.66
2014,NY,Oswego,asthma,51.8
2015,NY,Oswego,asthma,48.01
2016,NY,Oswego,asthma,42.7
2017,NY,Oswego,asthma,34.9
2018,NY,Oswego,asthma,34.85
2002,NY,Otsego,asthma,131.46
2003,NY,Otsego,asthma,149.18
2004,NY,Otsego,asthma,148.76
2005,NY,Otsego,asthma,146.89
2006,NY,Otsego,asthma,129.51
2007,NY,Otsego,asthma,123.04
2008,NY,Otsego,asthma,118.11
2009,NY,Otsego,asthma,117.59
2010,NY,Otsego,asthma,109.67
2011,NY,Otsego,asthma,105.88
2012,NY,Otsego,asthma,91.39
2013,NY,Otsego,asthma,82.89
2014,NY,Otsego,asthma,71.96
2015,NY,Otsego,asthma,62.6
2016,NY,Otsego,asthma,49.46
2017,NY,Otsego,asthma,34.32
2018,NY,Otsego,asthma,28.2
2002,NY,Putnam,asthma,74.72
2003,NY,Putnam,asthma,77.16
2004,NY,Putnam,asthma,79.38
2005,NY,Putnam,asthma,88.33
2006,NY,Putnam,asthma,82.67
2007,NY,Putnam,asthma,84.56
2008,NY,Putnam,asthma,88.26
2009,NY,Putnam,asthma,98.04
2010,NY,Putnam,asthma,97.87
2011,NY,Putnam,asthma,97.96
2012,NY,Putnam,asthma,86.57
2013,NY,Putnam,asthma,84.42
2014,NY,Putnam,asthma,74.78
2015,NY,Putnam,asthma,78.08
2016,NY,Putnam,asthma,72.7
2017,NY,Putnam,asthma,67.56
2018,NY,Putnam,asthma,64.69
2002,NY,Queens,asthma,229.78
2003,NY,Queens,asthma,241.35
2004,NY,Queens,asthma,244.55
2005,NY,Queens,asthma,241.83
2006,NY,Queens,asthma,230.84
2007,NY,Queens,asthma,226.31
2008,NY,Queens,asthma,225.74
2009,NY,Queens,asthma,219.22
2010,NY,Queens,asthma,209.02
2011,NY,Queens,asthma,195.28
2012,NY,Queens,asthma,184.62
2013,NY,Queens,asthma,174.87
2014,NY,Queens,asthma,170.55
2015,NY,Queens,asthma,159.01
2016,NY,Queens,asthma,139.3
2017,NY,Queens,asthma,117.25
2018,NY,Queens,asthma,103.43
2002,NY,Rensselaer,asthma,97.91
2003,NY,Rensselaer,asthma,107.56
2004,NY,Rensselaer,asthma,116.17
2005,NY,Rensselaer,asthma,136.71
2006,NY,Rensselaer,asthma,150.24
2007,NY,Rensselaer,asthma,155.75
2008,NY,Rensselaer,asthma,147.98
2009,NY,Rensselaer,asthma,150.11
2010,NY,Rensselaer,asthma,148.52
2011,NY,Rensselaer,asthma,137.57
2012,NY,Rensselaer,asthma,116.2
2013,NY,Rensselaer,asthma,107.36
2014,NY,Rensselaer,asthma,110.17
2015,NY,Rensselaer,asthma,102.87
2016,NY,Rensselaer,asthma,88.03
2017,NY,Rensselaer,asthma,62.6
2018,NY,Rensselaer,asthma,47.79
2002,NY,Richmond,asthma,180.37
2003,NY,Richmond,asthma,176.43
2004,NY,Richmond,asthma,170.69
2005,NY,Richmond,asthma,168.92
2006,NY,Richmond,asthma,166.21
2007,NY,Richmond,asthma,169.83
2008,NY,Richmond,asthma,176.81
2009,NY,Richmond,asthma,192.97
2010,NY,Richmond,asthma,201.33
2011,NY,Richmond,asthma,204.16
2012,NY,Richmond,asthma,200.32
2013,NY,Richmond,asthma,193.2
2014,NY,Richmond,asthma,185.07
2015,NY,Richmond,asthma,168.24
2016,NY,Richmond,asthma,154.84
2017,NY,Richmond,asthma,132.2
2018,NY,Richmond,asthma,117.08
2002,NY,Rockland,asthma,111.38
2003,NY,Rockland,asthma,120.83
2004,NY,Rockland,asthma,111.61
2005,NY,Rockland,asthma,103.49
2006,NY,Rockland,asthma,101.75
2007,NY,Rockland,asthma,98.89
2008,NY,Rockland,asthma,105.17
2009,NY,Rockland,asthma,113.09
2010,NY,Rockland,asthma,118.97
2011,NY,Rockland,asthma,127.02
2012,NY,Rockland,asthma,122.47
2013,NY,Rockland,asthma,120.76
2014,NY,Rockland,asthma,109
2015,NY,Rockland,asthma,95.8
2016,NY,Rockland,asthma,80.99
2017,NY,Rockland,asthma,65.45
2018,NY,Rockland,asthma,56.94
2002,NY,St. Lawrence,asthma,168.54
2003,NY,St. Lawrence,asthma,173.18
2004,NY,St. Lawrence,asthma,179.55
2005,NY,St. Lawrence,asthma,178.26
2006,NY,St. Lawrence,asthma,175.69
2007,NY,St. Lawrence,asthma,158.24
2008,NY,St. Lawrence,asthma,138.01
2009,NY,St. Lawrence,asthma,123.02
2010,NY,St. Lawrence,asthma,115.65
2011,NY,St. Lawrence,asthma,118.61
2012,NY,St. Lawrence,asthma,108.68
2013,NY,St. Lawrence,asthma,101.1
2014,NY,St. Lawrence,asthma,79.26
2015,NY,St. Lawrence,asthma,69.04
2016,NY,St. Lawrence,asthma,57.03
2017,NY,St. Lawrence,asthma,46.06
2018,NY,St. Lawrence,asthma,38.1
2002,NY,Saratoga,asthma,66.11
2003,NY,Saratoga,asthma,72.49
2004,NY,Saratoga,asthma,71.33
2005,NY,Saratoga,asthma,75.15
2006,NY,Saratoga,asthma,73.89
2007,NY,Saratoga,asthma,77.72
2008,NY,Saratoga,asthma,79.14
2009,NY,Saratoga,asthma,79.38
2010,NY,Saratoga,asthma,78.86
2011,NY,Saratoga,asthma,76.9
2012,NY,Saratoga,asthma,66.02
2013,NY,Saratoga,asthma,59.79
2014,NY,Saratoga,asthma,53.94
2015,NY,Saratoga,asthma,49.02
2016,NY,Saratoga,asthma,41.29
2017,NY,Saratoga,asthma,31.75
2018,NY,Saratoga,asthma,28.51
2002,NY,Schenectady,asthma,113.13
2003,NY,Schenectady,asthma,128.09
2004,NY,Schenectady,asthma,130.3
2005,NY,Schenectady,asthma,149.64
2006,NY,Schenectady,asthma,147.4
2007,NY,Schenectady,asthma,142.35
2008,NY,Schenectady,asthma,130.08
2009,NY,Schenectady,asthma,124.67
2010,NY,Schenectady,asthma,120.45
2011,NY,Schenectady,asthma,114.13
2012,NY,Schenectady,asthma,102.72
2013,NY,Schenectady,asthma,92.37
2014,NY,Schenectady,asthma,81.7
2015,NY,Schenectady,asthma,78.53
2016,NY,Schenectady,asthma,70.98
2017,NY,Schenectady,asthma,65.9
2018,NY,Schenectady,asthma,62.13
2002,NY,Schoharie,asthma,55.13
2003,NY,Schoharie,asthma,50.74
2004,NY,Schoharie,asthma,51.53
2005,NY,Schoharie,asthma,63.44
2006,NY,Schoharie,asthma,72.95
2007,NY,Schoharie,asthma,76.24
2008,NY,Schoharie,asthma,85.24
2009,NY,Schoharie,asthma,89.82
2010,NY,Schoharie,asthma,86.94
2011,NY,Schoharie,asthma,73.15
2012,NY,Schoharie,asthma,62.82
2013,NY,Schoharie,asthma,52.74
2014,NY,Schoharie,asthma,53.31
2015,NY,Schoharie,asthma,49.76
2016,NY,Schoharie,asthma,39.79
2017,NY,Schoharie,asthma,27.38
2018,NY,Schoharie,asthma,19.44
2002,NY,Schuyler,asthma,109.63
2003,NY,Schuyler,asthma,134.58
2004,NY,Schuyler,asthma,110.68
2005,NY,Schuyler,asthma,105.33
2006,NY,Schuyler,asthma,97.04
2007,NY,Schuyler,asthma,93.23
2008,NY,Schuyler,asthma,82.08
2009,NY,Schuyler,asthma,69.08
2010,NY,Schuyler,asthma,80.55
2011,NY,Schuyler,asthma,91.98
2012,NY,Schuyler,asthma,92.09
2013,NY,Schuyler,asthma,90.4
2014,NY,Schuyler,asthma,83.3
2015,NY,Schuyler,asthma,73.66
2016,NY,Schuyler,asthma,53.65
2017,NY,Schuyler,asthma,39.62
2018,NY,Schuyler,asthma,23.33
2002,NY,Seneca,asthma,46.7
2003,NY,Seneca,asthma,56.7
2004,NY,Seneca,asthma,54.99
2005,NY,Seneca,asthma,59.5
2006,NY,Seneca,asthma,54.73
2007,NY,Seneca,asthma,56.16
2008,NY,Seneca,asthma,50.59
2009,NY,Seneca,asthma,44.73
2010,NY,Seneca,asthma,45.16
2011,NY,Seneca,asthma,55.93
2012,NY,Seneca,asthma,58.58
2013,NY,Seneca,asthma,57.63
2014,NY,Seneca,asthma,49.02
2015,NY,Seneca,asthma,42.54
2016,NY,Seneca,asthma,29.47
2017,NY,Seneca,asthma,23.36
2018,NY,Seneca,asthma,19.49
2002,NY,Steuben,asthma,135.79
2003,NY,Steuben,asthma,143.17
2004,NY,Steuben,asthma,145.8
2005,NY,Steuben,asthma,149.44
2006,NY,Steuben,asthma,138.31
2007,NY,Steuben,asthma,122.27
2008,NY,Steuben,asthma,117.71
2009,NY,Steuben,asthma,109.76
2010,NY,Steuben,asthma,109.95
2011,NY,Steuben,asthma,93.25
2012,NY,Steuben,asthma,78.08
2013,NY,Steuben,asthma,67.35
2014,NY,Steuben,asthma,65.45
2015,NY,Steuben,asthma,57.39
2016,NY,Steuben,asthma,47.23
2017,NY,Steuben,asthma,32.56
2018,NY,Steuben,asthma,27.25
2002,NY,Suffolk,asthma,131.17
2003,NY,Suffolk,asthma,135.16
2004,NY,Suffolk,asthma,137.36
2005,NY,Suffolk,asthma,139.82
2006,NY,Suffolk,asthma,137.01
2007,NY,Suffolk,asthma,135.06
2008,NY,Suffolk,asthma,136.92
2009,NY,Suffolk,asthma,144.37
2010,NY,Suffolk,asthma,147.88
2011,NY,Suffolk,asthma,148.65
2012,NY,Suffolk,asthma,143.5
2013,NY,Suffolk,asthma,139.53
2014,NY,Suffolk,asthma,135.36
2015,NY,Suffolk,asthma,122.79
2016,NY,Suffolk,asthma,106.27
2017,NY,Suffolk,asthma,87.34
2018,NY,Suffolk,asthma,74.52
2002,NY,Sullivan,asthma,146.34
2003,NY,Sullivan,asthma,147.01
2004,NY,Sullivan,asthma,165.05
2005,NY,Sullivan,asthma,176.34
2006,NY,Sullivan,asthma,174.98
2007,NY,Sullivan,asthma,157.48
2008,NY,Sullivan,asthma,146.19
2009,NY,Sullivan,asthma,152.04
2010,NY,Sullivan,asthma,132.73
2011,NY,Sullivan,asthma,119.69
2012,NY,Sullivan,asthma,93.43
2013,NY,Sullivan,asthma,89.72
2014,NY,Sullivan,asthma,91.17
2015,NY,Sullivan,asthma,95.18
2016,NY,Sullivan,asthma,96.2
2017,NY,Sullivan,asthma,75.71
2018,NY,Sullivan,asthma,69.4
2002,NY,Tioga,asthma,28.91
2003,NY,Tioga,asthma,29.13
2004,NY,Tioga,asthma,25.21
2005,NY,Tioga,asthma,22.39
2006,NY,Tioga,asthma,20.14
2007,NY,Tioga,asthma,27.33
2008,NY,Tioga,asthma,27.65
2009,NY,Tioga,asthma,29.84
2010,NY,Tioga,asthma,25.88
2011,NY,Tioga,asthma,27.47
2012,NY,Tioga,asthma,29.18
2013,NY,Tioga,asthma,34.41
2014,NY,Tioga,asthma,43.17
2015,NY,Tioga,asthma,50.02
2016,NY,Tioga,asthma,40.55
2017,NY,Tioga,asthma,30.35
2018,NY,Tioga,asthma,23.95
2002,NY,Tompkins,asthma,71.88
2003,NY,Tompkins,asthma,83.36
2004,NY,Tompkins,asthma,83.19
2005,NY,Tompkins,asthma,79.06
2006,NY,Tompkins,asthma,64.92
2007,NY,Tompkins,asthma,58.52
2008,NY,Tompkins,asthma,65.19
2009,NY,Tompkins,asthma,72.09
2010,NY,Tompkins,asthma,67.75
2011,NY,Tompkins,asthma,59.52
2012,NY,Tompkins,asthma,45.33
2013,NY,Tompkins,asthma,38.31
2014,NY,Tompkins,asthma,31.97
2015,NY,Tompkins,asthma,29.64
2016,NY,Tompkins,asthma,25.22
2017,NY,Tompkins,asthma,21.65
2018,NY,Tompkins,asthma,22.83
2002,NY,Ulster,asthma,113.9
2003,NY,Ulster,asthma,121.83
2004,NY,Ulster,asthma,116.47
2005,NY,Ulster,asthma,122.2
2006,NY,Ulster,asthma,111.13
2007,NY,Ulster,asthma,111.36
2008,NY,Ulster,asthma,115.02
2009,NY,Ulster,asthma,118.51
2010,NY,Ulster,asthma,112.5
2011,NY,Ulster,asthma,104.75
2012,NY,Ulster,asthma,102.59
2013,NY,Ulster,asthma,108.21
2014,NY,Ulster,asthma,107.39
2015,NY,Ulster,asthma,102.27
2016,NY,Ulster,asthma,88.87
2017,NY,Ulster,asthma,82.25
2018,NY,Ulster,asthma,73.66
2002,NY,Warren,asthma,88.9
2003,NY,Warren,asthma,86.69
2004,NY,Warren,asthma,100.97
2005,NY,Warren,asthma,111.14
2006,NY,Warren,asthma,123.62
2007,NY,Warren,asthma,119.5
2008,NY,Warren,asthma,127.28
2009,NY,Warren,asthma,124.79
2010,NY,Warren,asthma,139.96
2011,NY,Warren,asthma,134.01
2012,NY,Warren,asthma,123.14
2013,NY,Warren,asthma,94.23
2014,NY,Warren,asthma,89.13
2015,NY,Warren,asthma,79.44
2016,NY,Warren,asthma,74.44
2017,NY,Warren,asthma,59.86
2018,NY,Warren,asthma,58.13
2002,NY,Washington,asthma,84.79
2003,NY,Washington,asthma,86.91
2004,NY,Washington,asthma,93.01
2005,NY,Washington,asthma,81.76
2006,NY,Washington,asthma,89.14
2007,NY,Washington,asthma,88.1
2008,NY,Washington,asthma,104.07
2009,NY,Washington,asthma,114.21
2010,NY,Washington,asthma,123.49
2011,NY,Washington,asthma,121.97
2012,NY,Washington,asthma,113.06
2013,NY,Washington,asthma,97.13
2014,NY,Washington,asthma,81.59
2015,NY,Washington,asthma,68.15
2016,NY,Washington,asthma,64.85
2017,NY,Washington,asthma,56.6
2018,NY,Washington,asthma,58.75
2002,NY,Wayne,asthma,62.24
2003,NY,Wayne,asthma,60.33
2004,NY,Wayne,asthma,66.13
2005,NY,Wayne,asthma,70.6
2006,NY,Wayne,asthma,76.4
2007,NY,Wayne,asthma,73.07
2008,NY,Wayne,asthma,72.2
2009,NY,Wayne,asthma,76.19
2010,NY,Wayne,asthma,88.54
2011,NY,Wayne,asthma,92.09
2012,NY,Wayne,asthma,84.87
2013,NY,Wayne,asthma,69.95
2014,NY,Wayne,asthma,64.2
2015,NY,Wayne,asthma,61.72
2016,NY,Wayne,asthma,62.86
2017,NY,Wayne,asthma,59.96
2018,NY,Wayne,asthma,52.15
2002,NY,Westchester,asthma,121.33
2003,NY,Westchester,asthma,124.55
2004,NY,Westchester,asthma,130.81
2005,NY,Westchester,asthma,132.28
2006,NY,Westchester,asthma,136.23
2007,NY,Westchester,asthma,136.22
2008,NY,Westchester,asthma,144.18
2009,NY,Westchester,asthma,145.83
2010,NY,Westchester,asthma,145.52
2011,NY,Westchester,asthma,141.35
2012,NY,Westchester,asthma,137.4
2013,NY,Westchester,asthma,139.7
2014,NY,Westchester,asthma,137.72
2015,NY,Westchester,asthma,130.67
2016,NY,Westchester,asthma,115.64
2017,NY,Westchester,asthma,102.84
2018,NY,Westchester,asthma,92.13
2002,NY,Wyoming,asthma,101.61
2003,NY,Wyoming,asthma,102.8
2004,NY,Wyoming,asthma,120.76
2005,NY,Wyoming,asthma,140.4
2006,NY,Wyoming,asthma,141.46
2007,NY,Wyoming,asthma,118.19
2008,NY,Wyoming,asthma,101.59
2009,NY,Wyoming,asthma,91.73
2010,NY,Wyoming,asthma,99.98
2011,NY,Wyoming,asthma,102.96
2012,NY,Wyoming,asthma,105.03
2013,NY,Wyoming,asthma,103.76
2014,NY,Wyoming,asthma,92.02
2015,NY,Wyoming,asthma,86.51
2016,NY,Wyoming,asthma,65.5
2017,NY,Wyoming,asthma,56.3
2018,NY,Wyoming,asthma,36.97
2002,NY,Yates,asthma,56.69
2003,NY,Yates,asthma,73.4
2004,NY,Yates,asthma,81.1
2005,NY,Yates,asthma,87.87
2006,NY,Yates,asthma,76.71
2007,NY,Yates,asthma,81
2008,NY,Yates,asthma,71.88
2009,NY,Yates,asthma,82.25
2010,NY,Yates,asthma,62.59
2011,NY,Yates,asthma,61.36
2012,NY,Yates,asthma,33.86
2013,NY,Yates,asthma,31
2014,NY,Yates,asthma,28.95
2015,NY,Yates,asthma,24.32
2016,NY,Yates,asthma,24.17
2017,NY,Yates,asthma,12.53
2018,NY,Yates,asthma,16.92
2016,OH,Adams,asthma,32
2016,OH,Allen,asthma,61
2016,OH,Ashland,asthma,23
2016,OH,Ashtabula,asthma,60
2016,OH,Athens,asthma,18
2016,OH,Auglaize,asthma,35
2016,OH,Belmont,asthma,26
2016,OH,Brown,asthma,45
2016,OH,Butler,asthma,51
2016,OH,Carroll,asthma,28
2016,OH,Champaign,asthma,56
2016,OH,Clark,asthma,66
2016,OH,Clermont,asthma,39
2016,OH,Clinton,asthma,36
2016,OH,Columbiana,asthma,44
2016,OH,Coshocton,asthma,46
2016,OH,Crawford,asthma,12
2016,OH,Cuyahoga,asthma,103
2016,OH,Darke,asthma,48
2016,OH,Defiance,asthma,52
2016,OH,Delaware,asthma,25
2016,OH,Erie,asthma,75
2016,OH,Fairfield,asthma,31
2016,OH,Fayette,asthma,45
2016,OH,Franklin,asthma,65
2016,OH,Fulton,asthma,33
2016,OH,GAllia,asthma,23
2016,OH,Geauga,asthma,36
2016,OH,Greene,asthma,58
2016,OH,Guernsey,asthma,23
2016,OH,Hamilton,asthma,87
2016,OH,Hancock,asthma,41
2016,OH,Hardin,asthma,25
2016,OH,Harrison,asthma,26
2016,OH,Henry,asthma,36
2016,OH,Highland,asthma,28
2016,OH,Hocking,asthma,21
2016,OH,Holmes,asthma,5
2016,OH,Huron,asthma,31
2016,OH,Jackson,asthma,9
2016,OH,Jefferson,asthma,43
2016,OH,Knox,asthma,35
2016,OH,Lake,asthma,46
2016,OH,Lawrence,asthma,2
2016,OH,Licking,asthma,32
2016,OH,Logan,asthma,29
2016,OH,Lorain,asthma,65
2016,OH,Lucas,asthma,85
2016,OH,Madison,asthma,28
2016,OH,Mahoning,asthma,76
2016,OH,Marion,asthma,55
2016,OH,Medina,asthma,26
2016,OH,Meigs,asthma,0
2016,OH,Mercer,asthma,20
2016,OH,Miami,asthma,48
2016,OH,Monroe,asthma,14
2016,OH,Montgomery,asthma,119
2016,OH,Morgan,asthma,27
2016,OH,Morrow,asthma,20
2016,OH,Muskingum,asthma,47
2016,OH,Noble,asthma,0
2016,OH,Ottawa,asthma,46
2016,OH,Paulding,asthma,21
2016,OH,Perry,asthma,56
2016,OH,Pickaway,asthma,30
2016,OH,Pike,asthma,39
2016,OH,Portage,asthma,31
2016,OH,Preble,asthma,29
2016,OH,Putnam,asthma,21
2016,OH,Richland,asthma,33
2016,OH,Ross,asthma,23
2016,OH,Sandusky,asthma,37
2016,OH,Scioto,asthma,31
2016,OH,Seneca,asthma,38
2016,OH,Shelby,asthma,27
2016,OH,Stark,asthma,40
2016,OH,Summit,asthma,39
2016,OH,Trumbull,asthma,50
2016,OH,Tuscarawas,asthma,18
2016,OH,Union,asthma,19
2016,OH,Van Wert,asthma,32
2016,OH,Vinton,asthma,30
2016,OH,Warren,asthma,20
2016,OH,Washington,asthma,15
2016,OH,Wayne,asthma,32
2016,OH,Williams,asthma,43
2016,OH,Wood,asthma,33
2016,OH,Wyandot,asthma,22
2019,PA,Adams,asthma,32.6
2019,PA,Allegheny,asthma,60.4
2019,PA,Armstrong,asthma,43.6
2019,PA,Beaver,asthma,49.6
2019,PA,Bedford,asthma,ND
2019,PA,Berks,asthma,116.1
2019,PA,Blair,asthma,39.9
2019,PA,Bradford,asthma,36.4
2019,PA,Bucks,asthma,57.5
2019,PA,Butler,asthma,27.8
2019,PA,Cambria,asthma,37.5
2019,PA,Cameron,asthma,ND
2019,PA,Carbon,asthma,32.9
2019,PA,Centre,asthma,25.7
2019,PA,Chester,asthma,36.5
2019,PA,Clarion,asthma,ND
2019,PA,Clearfield,asthma,31.9
2019,PA,Clinton,asthma,ND
2019,PA,Columbia,asthma,ND
2019,PA,Crawford,asthma,33.8
2019,PA,Cumberland,asthma,21.3
2019,PA,Dauphin,asthma,48.6
2019,PA,Delaware,asthma,93.2
2019,PA,Elk,asthma,67.6
2019,PA,Erie,asthma,38
2019,PA,Fayette,asthma,49
2019,PA,Forest,asthma,ND
2019,PA,Franklin,asthma,41.7
2019,PA,Fulton,asthma,ND
2019,PA,Greene,asthma,ND
2019,PA,Huntingdon,asthma,ND
2019,PA,Indiana,asthma,34.4
2019,PA,Jefferson,asthma,ND
2019,PA,Juniata,asthma,ND
2019,PA,Lackawanna,asthma,47.7
2019,PA,Lancaster,asthma,36.5
2019,PA,Lawrence,asthma,ND
2019,PA,Lebanon,asthma,33.8
2019,PA,Lehigh,asthma,86.1
2019,PA,Luzerne,asthma,47
2019,PA,Lycoming,asthma,ND
2019,PA,McKean,asthma,ND
2019,PA,Mercer,asthma,40.1
2019,PA,Mifflin,asthma,ND
2019,PA,Monroe,asthma,74.3
2019,PA,Montgomery,asthma,59.9
2019,PA,Montour,asthma,ND
2019,PA,Northampton,asthma,73.3
2019,PA,Northumberland,asthma,39.9
2019,PA,Perry,asthma,51.4
2019,PA,Philadelphia,asthma,208.3
2019,PA,Pike,asthma,ND
2019,PA,Potter,asthma,ND
2019,PA,Schuylkill,asthma,33.5
2019,PA,Snyder,asthma,ND
2019,PA,Somerset,asthma,ND
2019,PA,Sullivan,asthma,ND
2019,PA,Susquehanna,asthma,ND
2019,PA,Tioga,asthma,ND
2019,PA,Union,asthma,ND
2019,PA,Venango,asthma,ND
2019,PA,Warren,asthma,ND
2019,PA,Washington,asthma,38.3
2019,PA,Wayne,asthma,ND
2019,PA,Westmoreland,asthma,35.6
2019,PA,Wyoming,asthma,ND
2019,PA,York,asthma,36.4
2018,PA,Adams,asthma,40.4
2018,PA,Allegheny,asthma,66
2018,PA,Armstrong,asthma,40
2018,PA,Beaver,asthma,40.3
2018,PA,Bedford,asthma,ND
2018,PA,Berks,asthma,109.1
2018,PA,Blair,asthma,54.9
2018,PA,Bradford,asthma,60.8
2018,PA,Bucks,asthma,61.5
2018,PA,Butler,asthma,27
2018,PA,Cambria,asthma,26.7
2018,PA,Cameron,asthma,ND
2018,PA,Carbon,asthma,53.2
2018,PA,Centre,asthma,38.9
2018,PA,Chester,asthma,42.2
2018,PA,Clarion,asthma,ND
2018,PA,Clearfield,asthma,44.9
2018,PA,Clinton,asthma,ND
2018,PA,Columbia,asthma,ND
2018,PA,Crawford,asthma,27.4
2018,PA,Cumberland,asthma,37.3
2018,PA,Dauphin,asthma,56.2
2018,PA,Delaware,asthma,124.7
2018,PA,Elk,asthma,ND
2018,PA,Erie,asthma,35.9
2018,PA,Fayette,asthma,65.6
2018,PA,Forest,asthma,ND
2018,PA,Franklin,asthma,35.9
2018,PA,Fulton,asthma,ND
2018,PA,Greene,asthma,ND
2018,PA,Huntingdon,asthma,ND
2018,PA,Indiana,asthma,40.5
2018,PA,Jefferson,asthma,ND
2018,PA,Juniata,asthma,ND
2018,PA,Lackawanna,asthma,56.2
2018,PA,Lancaster,asthma,38.2
2018,PA,Lawrence,asthma,26.3
2018,PA,Lebanon,asthma,50
2018,PA,Lehigh,asthma,96.4
2018,PA,Luzerne,asthma,58.1
2018,PA,Lycoming,asthma,38.8
2018,PA,McKean,asthma,60.4
2018,PA,Mercer,asthma,51.5
2018,PA,Mifflin,asthma,ND
2018,PA,Monroe,asthma,84.8
2018,PA,Montgomery,asthma,66.5
2018,PA,Montour,asthma,ND
2018,PA,Northampton,asthma,80.5
2018,PA,Northumberland,asthma,57.5
2018,PA,Perry,asthma,53.1
2018,PA,Philadelphia,asthma,266.4
2018,PA,Pike,asthma,ND
2018,PA,Potter,asthma,ND
2018,PA,Schuylkill,asthma,43.2
2018,PA,Snyder,asthma,ND
2018,PA,Somerset,asthma,39.2
2018,PA,Sullivan,asthma,ND
2018,PA,Susquehanna,asthma,ND
2018,PA,Tioga,asthma,ND
2018,PA,Union,asthma,ND
2018,PA,Venango,asthma,ND
2018,PA,Warren,asthma,ND
2018,PA,Washington,asthma,44.6
2018,PA,Wayne,asthma,ND
2018,PA,Westmoreland,asthma,45.3
2018,PA,Wyoming,asthma,ND
2018,PA,York,asthma,34.7
2017,PA,Adams,asthma,53.3
2017,PA,Allegheny,asthma,58.2
2017,PA,Armstrong,asthma,56.6
2017,PA,Beaver,asthma,36.7
2017,PA,Bedford,asthma,ND
2017,PA,Berks,asthma,91.4
2017,PA,Blair,asthma,43.5
2017,PA,Bradford,asthma,41.6
2017,PA,Bucks,asthma,62.6
2017,PA,Butler,asthma,25.7
2017,PA,Cambria,asthma,45.7
2017,PA,Cameron,asthma,ND
2017,PA,Carbon,asthma,57.8
2017,PA,Centre,asthma,20.5
2017,PA,Chester,asthma,36.7
2017,PA,Clarion,asthma,ND
2017,PA,Clearfield,asthma,29.7
2017,PA,Clinton,asthma,ND
2017,PA,Columbia,asthma,ND
2017,PA,Crawford,asthma,41.5
2017,PA,Cumberland,asthma,28.6
2017,PA,Dauphin,asthma,68.4
2017,PA,Delaware,asthma,107.9
2017,PA,Elk,asthma,ND
2017,PA,Erie,asthma,36
2017,PA,Fayette,asthma,61.7
2017,PA,Forest,asthma,ND
2017,PA,Franklin,asthma,26
2017,PA,Fulton,asthma,ND
2017,PA,Greene,asthma,ND
2017,PA,Huntingdon,asthma,ND
2017,PA,Indiana,asthma,48.4
2017,PA,Jefferson,asthma,ND
2017,PA,Juniata,asthma,ND
2017,PA,Lackawanna,asthma,50.7
2017,PA,Lancaster,asthma,37.1
2017,PA,Lawrence,asthma,30.5
2017,PA,Lebanon,asthma,62.5
2017,PA,Lehigh,asthma,81
2017,PA,Luzerne,asthma,48.1
2017,PA,Lycoming,asthma,38.8
2017,PA,McKean,asthma,ND
2017,PA,Mercer,asthma,53
2017,PA,Mifflin,asthma,ND
2017,PA,Monroe,asthma,49.2
2017,PA,Montgomery,asthma,58.6
2017,PA,Montour,asthma,ND
2017,PA,Northampton,asthma,67.3
2017,PA,Northumberland,asthma,35.7
2017,PA,Perry,asthma,45
2017,PA,Philadelphia,asthma,262.6
2017,PA,Pike,asthma,ND
2017,PA,Potter,asthma,ND
2017,PA,Schuylkill,asthma,51.4
2017,PA,Snyder,asthma,ND
2017,PA,Somerset,asthma,26.2
2017,PA,Sullivan,asthma,ND
2017,PA,Susquehanna,asthma,ND
2017,PA,Tioga,asthma,ND
2017,PA,Union,asthma,ND
2017,PA,Venango,asthma,47.7
2017,PA,Warren,asthma,ND
2017,PA,Washington,asthma,39
2017,PA,Wayne,asthma,ND
2017,PA,Westmoreland,asthma,44.6
2017,PA,Wyoming,asthma,ND
2017,PA,York,asthma,49
2016,PA,Adams,asthma,32.4
2016,PA,Allegheny,asthma,62.9
2016,PA,Armstrong,asthma,45.5
2016,PA,Beaver,asthma,31.3
2016,PA,Bedford,asthma,ND
2016,PA,Berks,asthma,92.7
2016,PA,Blair,asthma,42.1
2016,PA,Bradford,asthma,43.4
2016,PA,Bucks,asthma,59.2
2016,PA,Butler,asthma,26.4
2016,PA,Cambria,asthma,43
2016,PA,Cameron,asthma,ND
2016,PA,Carbon,asthma,58.7
2016,PA,Centre,asthma,42.3
2016,PA,Chester,asthma,45.3
2016,PA,Clarion,asthma,ND
2016,PA,Clearfield,asthma,31.8
2016,PA,Clinton,asthma,ND
2016,PA,Columbia,asthma,39.6
2016,PA,Crawford,asthma,42.3
2016,PA,Cumberland,asthma,33
2016,PA,Dauphin,asthma,88.1
2016,PA,Delaware,asthma,115.2
2016,PA,Elk,asthma,ND
2016,PA,Erie,asthma,35.8
2016,PA,Fayette,asthma,64
2016,PA,Forest,asthma,ND
2016,PA,Franklin,asthma,40.4
2016,PA,Fulton,asthma,ND
2016,PA,Greene,asthma,ND
2016,PA,Huntingdon,asthma,ND
2016,PA,Indiana,asthma,42
2016,PA,Jefferson,asthma,ND
2016,PA,Juniata,asthma,ND
2016,PA,Lackawanna,asthma,63.7
2016,PA,Lancaster,asthma,41.7
2016,PA,Lawrence,asthma,45
2016,PA,Lebanon,asthma,36.6
2016,PA,Lehigh,asthma,82.3
2016,PA,Luzerne,asthma,50.3
2016,PA,Lycoming,asthma,35.8
2016,PA,McKean,asthma,ND
2016,PA,Mercer,asthma,48.9
2016,PA,Mifflin,asthma,ND
2016,PA,Monroe,asthma,65.4
2016,PA,Montgomery,asthma,61
2016,PA,Montour,asthma,ND
2016,PA,Northampton,asthma,66.3
2016,PA,Northumberland,asthma,49.4
2016,PA,Perry,asthma,ND
2016,PA,Philadelphia,asthma,289.7
2016,PA,Pike,asthma,64.6
2016,PA,Potter,asthma,ND
2016,PA,Schuylkill,asthma,48.2
2016,PA,Snyder,asthma,ND
2016,PA,Somerset,asthma,28.9
2016,PA,Sullivan,asthma,ND
2016,PA,Susquehanna,asthma,58.5
2016,PA,Tioga,asthma,ND
2016,PA,Union,asthma,ND
2016,PA,Venango,asthma,60.2
2016,PA,Warren,asthma,ND
2016,PA,Washington,asthma,54.5
2016,PA,Wayne,asthma,ND
2016,PA,Westmoreland,asthma,40.9
2016,PA,Wyoming,asthma,ND
2016,PA,York,asthma,53.9
2015,PA,Adams,asthma,51.7
2015,PA,Allegheny,asthma,111.3
2015,PA,Armstrong,asthma,44.7
2015,PA,Beaver,asthma,58.8
2015,PA,Bedford,asthma,ND
2015,PA,Berks,asthma,130.2
2015,PA,Blair,asthma,61.5
2015,PA,Bradford,asthma,77
2015,PA,Bucks,asthma,83.8
2015,PA,Butler,asthma,50.5
2015,PA,Cambria,asthma,47.9
2015,PA,Cameron,asthma,ND
2015,PA,Carbon,asthma,98.2
2015,PA,Centre,asthma,64.5
2015,PA,Chester,asthma,64.1
2015,PA,Clarion,asthma,46.2
2015,PA,Clearfield,asthma,59.6
2015,PA,Clinton,asthma,67
2015,PA,Columbia,asthma,58.1
2015,PA,Crawford,asthma,66.9
2015,PA,Cumberland,asthma,59.7
2015,PA,Dauphin,asthma,103.4
2015,PA,Delaware,asthma,147.6
2015,PA,Elk,asthma,93.2
2015,PA,Erie,asthma,55.7
2015,PA,Fayette,asthma,133.4
2015,PA,Forest,asthma,ND
2015,PA,Franklin,asthma,50.3
2015,PA,Fulton,asthma,ND
2015,PA,Greene,asthma,99.3
2015,PA,Huntingdon,asthma,46.9
2015,PA,Indiana,asthma,125.1
2015,PA,Jefferson,asthma,69.5
2015,PA,Juniata,asthma,ND
2015,PA,Lackawanna,asthma,76.1
2015,PA,Lancaster,asthma,65.4
2015,PA,Lawrence,asthma,113.4
2015,PA,Lebanon,asthma,58.8
2015,PA,Lehigh,asthma,103.9
2015,PA,Luzerne,asthma,85.6
2015,PA,Lycoming,asthma,49
2015,PA,McKean,asthma,77.8
2015,PA,Mercer,asthma,77.4
2015,PA,Mifflin,asthma,54.1
2015,PA,Monroe,asthma,118.5
2015,PA,Montgomery,asthma,78.1
2015,PA,Montour,asthma,ND
2015,PA,Northampton,asthma,93.4
2015,PA,Northumberland,asthma,93.1
2015,PA,Perry,asthma,88.3
2015,PA,Philadelphia,asthma,336.8
2015,PA,Pike,asthma,ND
2015,PA,Potter,asthma,ND
2015,PA,Schuylkill,asthma,64.5
2015,PA,Snyder,asthma,ND
2015,PA,Somerset,asthma,49
2015,PA,Sullivan,asthma,ND
2015,PA,Susquehanna,asthma,68.6
2015,PA,Tioga,asthma,ND
2015,PA,Union,asthma,ND
2015,PA,Venango,asthma,84.8
2015,PA,Warren,asthma,ND
2015,PA,Washington,asthma,80.8
2015,PA,Wayne,asthma,68.2
2015,PA,Westmoreland,asthma,98.3
2015,PA,Wyoming,asthma,ND
2015,PA,York,asthma,69.5
2014,PA,Adams,asthma,60.9
2014,PA,Allegheny,asthma,137.3
2014,PA,Armstrong,asthma,83
2014,PA,Beaver,asthma,69.3
2014,PA,Bedford,asthma,125.7
2014,PA,Berks,asthma,155.9
2014,PA,Blair,asthma,110.9
2014,PA,Bradford,asthma,79.6
2014,PA,Bucks,asthma,96.8
2014,PA,Butler,asthma,73.5
2014,PA,Cambria,asthma,92.4
2014,PA,Cameron,asthma,ND
2014,PA,Carbon,asthma,147.4
2014,PA,Centre,asthma,56.9
2014,PA,Chester,asthma,73
2014,PA,Clarion,asthma,ND
2014,PA,Clearfield,asthma,66.7
2014,PA,Clinton,asthma,62.6
2014,PA,Columbia,asthma,72.8
2014,PA,Crawford,asthma,57.9
2014,PA,Cumberland,asthma,66.8
2014,PA,Dauphin,asthma,116.3
2014,PA,Delaware,asthma,161.3
2014,PA,Elk,asthma,88
2014,PA,Erie,asthma,79.6
2014,PA,Fayette,asthma,157.4
2014,PA,Forest,asthma,ND
2014,PA,Franklin,asthma,60
2014,PA,Fulton,asthma,150.9
2014,PA,Greene,asthma,132.4
2014,PA,Huntingdon,asthma,57
2014,PA,Indiana,asthma,105.6
2014,PA,Jefferson,asthma,81
2014,PA,Juniata,asthma,ND
2014,PA,Lackawanna,asthma,105.9
2014,PA,Lancaster,asthma,71.2
2014,PA,Lawrence,asthma,153.6
2014,PA,Lebanon,asthma,85.1
2014,PA,Lehigh,asthma,112.8
2014,PA,Luzerne,asthma,102.6
2014,PA,Lycoming,asthma,75.9
2014,PA,McKean,asthma,97.3
2014,PA,Mercer,asthma,89.6
2014,PA,Mifflin,asthma,56.7
2014,PA,Monroe,asthma,109.6
2014,PA,Montgomery,asthma,93.4
2014,PA,Montour,asthma,134.5
2014,PA,Northampton,asthma,103.2
2014,PA,Northumberland,asthma,70.8
2014,PA,Perry,asthma,66.4
2014,PA,Philadelphia,asthma,396.1
2014,PA,Pike,asthma,68.5
2014,PA,Potter,asthma,ND
2014,PA,Schuylkill,asthma,65.5
2014,PA,Snyder,asthma,ND
2014,PA,Somerset,asthma,56.4
2014,PA,Sullivan,asthma,ND
2014,PA,Susquehanna,asthma,79.9
2014,PA,Tioga,asthma,70.8
2014,PA,Union,asthma,ND
2014,PA,Venango,asthma,122.5
2014,PA,Warren,asthma,50.6
2014,PA,Washington,asthma,86.8
2014,PA,Wayne,asthma,66
2014,PA,Westmoreland,asthma,103
2014,PA,Wyoming,asthma,105.2
2014,PA,York,asthma,72.3
2013,PA,Adams,asthma,57.2
2013,PA,Allegheny,asthma,147.1
2013,PA,Armstrong,asthma,95.5
2013,PA,Beaver,asthma,86.7
2013,PA,Bedford,asthma,129.8
2013,PA,Berks,asthma,172.2
2013,PA,Blair,asthma,94.7
2013,PA,Bradford,asthma,53.8
2013,PA,Bucks,asthma,101.8
2013,PA,Butler,asthma,66.5
2013,PA,Cambria,asthma,90.1
2013,PA,Cameron,asthma,ND
2013,PA,Carbon,asthma,147.3
2013,PA,Centre,asthma,59.8
2013,PA,Chester,asthma,71.7
2013,PA,Clarion,asthma,43.1
2013,PA,Clearfield,asthma,73.7
2013,PA,Clinton,asthma,51.9
2013,PA,Columbia,asthma,105.4
2013,PA,Crawford,asthma,92.5
2013,PA,Cumberland,asthma,84.9
2013,PA,Dauphin,asthma,118.4
2013,PA,Delaware,asthma,162.8
2013,PA,Elk,asthma,107.2
2013,PA,Erie,asthma,53.2
2013,PA,Fayette,asthma,166.1
2013,PA,Forest,asthma,ND
2013,PA,Franklin,asthma,43.5
2013,PA,Fulton,asthma,245.9
2013,PA,Greene,asthma,120.6
2013,PA,Huntingdon,asthma,59.5
2013,PA,Indiana,asthma,139.5
2013,PA,Jefferson,asthma,104.1
2013,PA,Juniata,asthma,ND
2013,PA,Lackawanna,asthma,103.1
2013,PA,Lancaster,asthma,71.8
2013,PA,Lawrence,asthma,131.2
2013,PA,Lebanon,asthma,67.7
2013,PA,Lehigh,asthma,117.1
2013,PA,Luzerne,asthma,114.7
2013,PA,Lycoming,asthma,60.9
2013,PA,McKean,asthma,61.9
2013,PA,Mercer,asthma,92.9
2013,PA,Mifflin,asthma,62.8
2013,PA,Monroe,asthma,93.9
2013,PA,Montgomery,asthma,102
2013,PA,Montour,asthma,ND
2013,PA,Northampton,asthma,108
2013,PA,Northumberland,asthma,71.5
2013,PA,Perry,asthma,66.3
2013,PA,Philadelphia,asthma,435.2
2013,PA,Pike,asthma,ND
2013,PA,Potter,asthma,ND
2013,PA,Schuylkill,asthma,88.3
2013,PA,Snyder,asthma,ND
2013,PA,Somerset,asthma,52.3
2013,PA,Sullivan,asthma,ND
2013,PA,Susquehanna,asthma,78.8
2013,PA,Tioga,asthma,65.8
2013,PA,Union,asthma,ND
2013,PA,Venango,asthma,174.1
2013,PA,Warren,asthma,45.5
2013,PA,Washington,asthma,96.8
2013,PA,Wayne,asthma,48.4
2013,PA,Westmoreland,asthma,119.6
2013,PA,Wyoming,asthma,92.1
2013,PA,York,asthma,65.5
2012,PA,Adams,asthma,59.7
2012,PA,Allegheny,asthma,164.8
2012,PA,Armstrong,asthma,130.1
2012,PA,Beaver,asthma,97.2
2012,PA,Bedford,asthma,118.5
2012,PA,Berks,asthma,151.3
2012,PA,Blair,asthma,102.4
2012,PA,Bradford,asthma,80.7
2012,PA,Bucks,asthma,108
2012,PA,Butler,asthma,73.8
2012,PA,Cambria,asthma,115.2
2012,PA,Cameron,asthma,ND
2012,PA,Carbon,asthma,152.8
2012,PA,Centre,asthma,55.6
2012,PA,Chester,asthma,77.9
2012,PA,Clarion,asthma,51.6
2012,PA,Clearfield,asthma,87
2012,PA,Clinton,asthma,ND
2012,PA,Columbia,asthma,125.6
2012,PA,Crawford,asthma,89.3
2012,PA,Cumberland,asthma,62.8
2012,PA,Dauphin,asthma,107.8
2012,PA,Delaware,asthma,165.4
2012,PA,Elk,asthma,97.1
2012,PA,Erie,asthma,55.7
2012,PA,Fayette,asthma,147.5
2012,PA,Forest,asthma,ND
2012,PA,Franklin,asthma,51.7
2012,PA,Fulton,asthma,212.9
2012,PA,Greene,asthma,133.5
2012,PA,Huntingdon,asthma,76.6
2012,PA,Indiana,asthma,122.8
2012,PA,Jefferson,asthma,78.2
2012,PA,Juniata,asthma,ND
2012,PA,Lackawanna,asthma,119
2012,PA,Lancaster,asthma,81.2
2012,PA,Lawrence,asthma,185
2012,PA,Lebanon,asthma,65
2012,PA,Lehigh,asthma,129
2012,PA,Luzerne,asthma,103.1
2012,PA,Lycoming,asthma,67.6
2012,PA,McKean,asthma,78.4
2012,PA,Mercer,asthma,71.7
2012,PA,Mifflin,asthma,100.8
2012,PA,Monroe,asthma,105.3
2012,PA,Montgomery,asthma,112.5
2012,PA,Montour,asthma,133.9
2012,PA,Northampton,asthma,131.5
2012,PA,Northumberland,asthma,68.4
2012,PA,Perry,asthma,46.8
2012,PA,Philadelphia,asthma,481.6
2012,PA,Pike,asthma,ND
2012,PA,Potter,asthma,ND
2012,PA,Schuylkill,asthma,82.3
2012,PA,Snyder,asthma,ND
2012,PA,Somerset,asthma,66
2012,PA,Sullivan,asthma,ND
2012,PA,Susquehanna,asthma,97.5
2012,PA,Tioga,asthma,70.2
2012,PA,Union,asthma,54.9
2012,PA,Venango,asthma,132.8
2012,PA,Warren,asthma,48.3
2012,PA,Washington,asthma,101.2
2012,PA,Wayne,asthma,75
2012,PA,Westmoreland,asthma,136.6
2012,PA,Wyoming,asthma,130.3
2012,PA,York,asthma,60.7
2011,PA,Adams,asthma,59.8
2011,PA,Allegheny,asthma,187.4
2011,PA,Armstrong,asthma,160.9
2011,PA,Beaver,asthma,145.1
2011,PA,Bedford,asthma,163.2
2011,PA,Berks,asthma,159.6
2011,PA,Blair,asthma,100.3
2011,PA,Bradford,asthma,70
2011,PA,Bucks,asthma,117.2
2011,PA,Butler,asthma,95
2011,PA,Cambria,asthma,115.6
2011,PA,Cameron,asthma,ND
2011,PA,Carbon,asthma,169.1
2011,PA,Centre,asthma,85.6
2011,PA,Chester,asthma,75.2
2011,PA,Clarion,asthma,ND
2011,PA,Clearfield,asthma,104
2011,PA,Clinton,asthma,85.2
2011,PA,Columbia,asthma,154.3
2011,PA,Crawford,asthma,97.8
2011,PA,Cumberland,asthma,75.6
2011,PA,Dauphin,asthma,106.8
2011,PA,Delaware,asthma,191
2011,PA,Elk,asthma,125.8
2011,PA,Erie,asthma,66.5
2011,PA,Fayette,asthma,186.9
2011,PA,Forest,asthma,ND
2011,PA,Franklin,asthma,63.5
2011,PA,Fulton,asthma,135.9
2011,PA,Greene,asthma,201
2011,PA,Huntingdon,asthma,107.9
2011,PA,Indiana,asthma,141.9
2011,PA,Jefferson,asthma,80.1
2011,PA,Juniata,asthma,ND
2011,PA,Lackawanna,asthma,125
2011,PA,Lancaster,asthma,75.8
2011,PA,Lawrence,asthma,194.5
2011,PA,Lebanon,asthma,61.7
2011,PA,Lehigh,asthma,144.1
2011,PA,Luzerne,asthma,125.8
2011,PA,Lycoming,asthma,74.7
2011,PA,McKean,asthma,81.6
2011,PA,Mercer,asthma,91.7
2011,PA,Mifflin,asthma,101.4
2011,PA,Monroe,asthma,121.8
2011,PA,Montgomery,asthma,113.3
2011,PA,Montour,asthma,113.3
2011,PA,Northampton,asthma,135.5
2011,PA,Northumberland,asthma,75.4
2011,PA,Perry,asthma,57.2
2011,PA,Philadelphia,asthma,507.7
2011,PA,Pike,asthma,38.9
2011,PA,Potter,asthma,ND
2011,PA,Schuylkill,asthma,121.6
2011,PA,Snyder,asthma,ND
2011,PA,Somerset,asthma,87.8
2011,PA,Sullivan,asthma,ND
2011,PA,Susquehanna,asthma,94.8
2011,PA,Tioga,asthma,47
2011,PA,Union,asthma,ND
2011,PA,Venango,asthma,128.6
2011,PA,Warren,asthma,54.9
2011,PA,Washington,asthma,120.4
2011,PA,Wayne,asthma,65.7
2011,PA,Westmoreland,asthma,153.1
2011,PA,Wyoming,asthma,138.1
2011,PA,York,asthma,67.1
2010,PA,Adams,asthma,75.5
2010,PA,Allegheny,asthma,196.9
2010,PA,Armstrong,asthma,177.5
2010,PA,Beaver,asthma,136.1
2010,PA,Bedford,asthma,189.9
2010,PA,Berks,asthma,132.5
2010,PA,Blair,asthma,112.6
2010,PA,Bradford,asthma,62.8
2010,PA,Bucks,asthma,120.1
2010,PA,Butler,asthma,93.6
2010,PA,Cambria,asthma,115.4
2010,PA,Cameron,asthma,ND
2010,PA,Carbon,asthma,161.4
2010,PA,Centre,asthma,58.9
2010,PA,Chester,asthma,91.2
2010,PA,Clarion,asthma,75.9
2010,PA,Clearfield,asthma,118.7
2010,PA,Clinton,asthma,68.2
2010,PA,Columbia,asthma,120.3
2010,PA,Crawford,asthma,103.8
2010,PA,Cumberland,asthma,67.8
2010,PA,Dauphin,asthma,95.4
2010,PA,Delaware,asthma,201.8
2010,PA,Elk,asthma,105.5
2010,PA,Erie,asthma,71.7
2010,PA,Fayette,asthma,188.6
2010,PA,Forest,asthma,ND
2010,PA,Franklin,asthma,48.4
2010,PA,Fulton,asthma,218.4
2010,PA,Greene,asthma,159.8
2010,PA,Huntingdon,asthma,98.1
2010,PA,Indiana,asthma,157.8
2010,PA,Jefferson,asthma,142.6
2010,PA,Juniata,asthma,74.8
2010,PA,Lackawanna,asthma,125.4
2010,PA,Lancaster,asthma,77.5
2010,PA,Lawrence,asthma,247
2010,PA,Lebanon,asthma,84.5
2010,PA,Lehigh,asthma,138.5
2010,PA,Luzerne,asthma,131.2
2010,PA,Lycoming,asthma,88.8
2010,PA,McKean,asthma,60.6
2010,PA,Mercer,asthma,117.7
2010,PA,Mifflin,asthma,125.8
2010,PA,Monroe,asthma,147.8
2010,PA,Montgomery,asthma,106.8
2010,PA,Montour,asthma,158
2010,PA,Northampton,asthma,147.9
2010,PA,Northumberland,asthma,63.2
2010,PA,Perry,asthma,ND
2010,PA,Philadelphia,asthma,480.6
2010,PA,Pike,asthma,43.9
2010,PA,Potter,asthma,ND
2010,PA,Schuylkill,asthma,131.2
2010,PA,Snyder,asthma,ND
2010,PA,Somerset,asthma,69.4
2010,PA,Sullivan,asthma,ND
2010,PA,Susquehanna,asthma,116.9
2010,PA,Tioga,asthma,47.7
2010,PA,Union,asthma,45.8
2010,PA,Venango,asthma,137
2010,PA,Warren,asthma,68
2010,PA,Washington,asthma,141.9
2010,PA,Wayne,asthma,66.9
2010,PA,Westmoreland,asthma,174.8
2010,PA,Wyoming,asthma,124.4
2010,PA,York,asthma,50.1
2009,PA,Adams,asthma,108.9
2009,PA,Allegheny,asthma,203.3
2009,PA,Armstrong,asthma,177.6
2009,PA,Beaver,asthma,141
2009,PA,Bedford,asthma,175.9
2009,PA,Berks,asthma,154.8
2009,PA,Blair,asthma,145.8
2009,PA,Bradford,asthma,114.1
2009,PA,Bucks,asthma,144
2009,PA,Butler,asthma,125.4
2009,PA,Cambria,asthma,127.8
2009,PA,Cameron,asthma,ND
2009,PA,Carbon,asthma,151.6
2009,PA,Centre,asthma,88.7
2009,PA,Chester,asthma,98.1
2009,PA,Clarion,asthma,95.4
2009,PA,Clearfield,asthma,110.7
2009,PA,Clinton,asthma,94.5
2009,PA,Columbia,asthma,160.7
2009,PA,Crawford,asthma,144.4
2009,PA,Cumberland,asthma,77.5
2009,PA,Dauphin,asthma,117.2
2009,PA,Delaware,asthma,245.6
2009,PA,Elk,asthma,119.9
2009,PA,Erie,asthma,79.7
2009,PA,Fayette,asthma,201.6
2009,PA,Forest,asthma,ND
2009,PA,Franklin,asthma,73.3
2009,PA,Fulton,asthma,206.1
2009,PA,Greene,asthma,169.4
2009,PA,Huntingdon,asthma,170.9
2009,PA,Indiana,asthma,214.1
2009,PA,Jefferson,asthma,144.1
2009,PA,Juniata,asthma,94
2009,PA,Lackawanna,asthma,160.8
2009,PA,Lancaster,asthma,93.9
2009,PA,Lawrence,asthma,276.5
2009,PA,Lebanon,asthma,91.8
2009,PA,Lehigh,asthma,159
2009,PA,Luzerne,asthma,150.4
2009,PA,Lycoming,asthma,104.9
2009,PA,McKean,asthma,101.5
2009,PA,Mercer,asthma,134.7
2009,PA,Mifflin,asthma,148.1
2009,PA,Monroe,asthma,158.6
2009,PA,Montgomery,asthma,134.6
2009,PA,Montour,asthma,187.9
2009,PA,Northampton,asthma,179.5
2009,PA,Northumberland,asthma,102.3
2009,PA,Perry,asthma,59.2
2009,PA,Philadelphia,asthma,541.5
2009,PA,Pike,asthma,62.5
2009,PA,Potter,asthma,ND
2009,PA,Schuylkill,asthma,137
2009,PA,Snyder,asthma,ND
2009,PA,Somerset,asthma,89.6
2009,PA,Sullivan,asthma,ND
2009,PA,Susquehanna,asthma,102
2009,PA,Tioga,asthma,76.4
2009,PA,Union,asthma,ND
2009,PA,Venango,asthma,180.9
2009,PA,Warren,asthma,ND
2009,PA,Washington,asthma,155.5
2009,PA,Wayne,asthma,105.8
2009,PA,Westmoreland,asthma,192.6
2009,PA,Wyoming,asthma,233.4
2009,PA,York,asthma,81.7
2008,PA,Adams,asthma,99.7
2008,PA,Allegheny,asthma,213.4
2008,PA,Armstrong,asthma,192
2008,PA,Beaver,asthma,194.2
2008,PA,Bedford,asthma,131.7
2008,PA,Berks,asthma,149
2008,PA,Blair,asthma,130
2008,PA,Bradford,asthma,78.9
2008,PA,Bucks,asthma,130.2
2008,PA,Butler,asthma,107.6
2008,PA,Cambria,asthma,129.9
2008,PA,Cameron,asthma,ND
2008,PA,Carbon,asthma,193.2
2008,PA,Centre,asthma,92.9
2008,PA,Chester,asthma,92.1
2008,PA,Clarion,asthma,87.1
2008,PA,Clearfield,asthma,130
2008,PA,Clinton,asthma,100.1
2008,PA,Columbia,asthma,134.9
2008,PA,Crawford,asthma,144.3
2008,PA,Cumberland,asthma,81.9
2008,PA,Dauphin,asthma,93.1
2008,PA,Delaware,asthma,220.4
2008,PA,Elk,asthma,151.6
2008,PA,Erie,asthma,77.1
2008,PA,Fayette,asthma,220.1
2008,PA,Forest,asthma,ND
2008,PA,Franklin,asthma,71.9
2008,PA,Fulton,asthma,192.9
2008,PA,Greene,asthma,197.1
2008,PA,Huntingdon,asthma,166
2008,PA,Indiana,asthma,231
2008,PA,Jefferson,asthma,139.1
2008,PA,Juniata,asthma,ND
2008,PA,Lackawanna,asthma,160
2008,PA,Lancaster,asthma,83.9
2008,PA,Lawrence,asthma,285.4
2008,PA,Lebanon,asthma,84.2
2008,PA,Lehigh,asthma,143.5
2008,PA,Luzerne,asthma,167.8
2008,PA,Lycoming,asthma,99.5
2008,PA,McKean,asthma,109.7
2008,PA,Mercer,asthma,148.9
2008,PA,Mifflin,asthma,102.4
2008,PA,Monroe,asthma,176.2
2008,PA,Montgomery,asthma,120.2
2008,PA,Montour,asthma,117.1
2008,PA,Northampton,asthma,163.8
2008,PA,Northumberland,asthma,83.1
2008,PA,Perry,asthma,45.3
2008,PA,Philadelphia,asthma,555.3
2008,PA,Pike,asthma,53.4
2008,PA,Potter,asthma,ND
2008,PA,Schuylkill,asthma,164.6
2008,PA,Snyder,asthma,ND
2008,PA,Somerset,asthma,55.7
2008,PA,Sullivan,asthma,ND
2008,PA,Susquehanna,asthma,151.8
2008,PA,Tioga,asthma,77.4
2008,PA,Union,asthma,ND
2008,PA,Venango,asthma,138.1
2008,PA,Warren,asthma,ND
2008,PA,Washington,asthma,156.7
2008,PA,Wayne,asthma,100.9
2008,PA,Westmoreland,asthma,213.6
2008,PA,Wyoming,asthma,199.7
2008,PA,York,asthma,80
2007,PA,Adams,asthma,81.9
2007,PA,Allegheny,asthma,197.4
2007,PA,Armstrong,asthma,164.3
2007,PA,Beaver,asthma,155.8
2007,PA,Bedford,asthma,177.2
2007,PA,Berks,asthma,140.4
2007,PA,Blair,asthma,135.5
2007,PA,Bradford,asthma,69.5
2007,PA,Bucks,asthma,136.4
2007,PA,Butler,asthma,106
2007,PA,Cambria,asthma,124.5
2007,PA,Cameron,asthma,ND
2007,PA,Carbon,asthma,181.7
2007,PA,Centre,asthma,84.7
2007,PA,Chester,asthma,92.6
2007,PA,Clarion,asthma,103.2
2007,PA,Clearfield,asthma,122.6
2007,PA,Clinton,asthma,70
2007,PA,Columbia,asthma,213.7
2007,PA,Crawford,asthma,109.4
2007,PA,Cumberland,asthma,84.2
2007,PA,Dauphin,asthma,118.7
2007,PA,Delaware,asthma,196.2
2007,PA,Elk,asthma,101.7
2007,PA,Erie,asthma,78.5
2007,PA,Fayette,asthma,209
2007,PA,Forest,asthma,ND
2007,PA,Franklin,asthma,73
2007,PA,Fulton,asthma,163.8
2007,PA,Greene,asthma,163.5
2007,PA,Huntingdon,asthma,121.4
2007,PA,Indiana,asthma,174.7
2007,PA,Jefferson,asthma,118.6
2007,PA,Juniata,asthma,85.9
2007,PA,Lackawanna,asthma,155.2
2007,PA,Lancaster,asthma,81.1
2007,PA,Lawrence,asthma,225.5
2007,PA,Lebanon,asthma,78.5
2007,PA,Lehigh,asthma,121.9
2007,PA,Luzerne,asthma,156.4
2007,PA,Lycoming,asthma,96.6
2007,PA,McKean,asthma,126.6
2007,PA,Mercer,asthma,133.6
2007,PA,Mifflin,asthma,115.1
2007,PA,Monroe,asthma,216.6
2007,PA,Montgomery,asthma,119.6
2007,PA,Montour,asthma,ND
2007,PA,Northampton,asthma,152.7
2007,PA,Northumberland,asthma,84.2
2007,PA,Perry,asthma,ND
2007,PA,Philadelphia,asthma,562.4
2007,PA,Pike,asthma,60.5
2007,PA,Potter,asthma,ND
2007,PA,Schuylkill,asthma,125.2
2007,PA,Snyder,asthma,ND
2007,PA,Somerset,asthma,73
2007,PA,Sullivan,asthma,ND
2007,PA,Susquehanna,asthma,113
2007,PA,Tioga,asthma,106.3
2007,PA,Union,asthma,ND
2007,PA,Venango,asthma,110.3
2007,PA,Warren,asthma,60.9
2007,PA,Washington,asthma,165.6
2007,PA,Wayne,asthma,117.5
2007,PA,Westmoreland,asthma,192.2
2007,PA,Wyoming,asthma,181.4
2007,PA,York,asthma,64.3
2006,PA,Adams,asthma,90.1
2006,PA,Allegheny,asthma,200.5
2006,PA,Armstrong,asthma,162.6
2006,PA,Beaver,asthma,190.1
2006,PA,Bedford,asthma,135.3
2006,PA,Berks,asthma,151.6
2006,PA,Blair,asthma,137
2006,PA,Bradford,asthma,99.9
2006,PA,Bucks,asthma,136.2
2006,PA,Butler,asthma,115.6
2006,PA,Cambria,asthma,127.6
2006,PA,Cameron,asthma,ND
2006,PA,Carbon,asthma,232.7
2006,PA,Centre,asthma,112.5
2006,PA,Chester,asthma,92.3
2006,PA,Clarion,asthma,133.7
2006,PA,Clearfield,asthma,123.1
2006,PA,Clinton,asthma,87.9
2006,PA,Columbia,asthma,183.4
2006,PA,Crawford,asthma,123
2006,PA,Cumberland,asthma,99.8
2006,PA,Dauphin,asthma,116.5
2006,PA,Delaware,asthma,207.4
2006,PA,Elk,asthma,128.1
2006,PA,Erie,asthma,97.7
2006,PA,Fayette,asthma,185.8
2006,PA,Forest,asthma,ND
2006,PA,Franklin,asthma,84.1
2006,PA,Fulton,asthma,224.7
2006,PA,Greene,asthma,146.6
2006,PA,Huntingdon,asthma,136
2006,PA,Indiana,asthma,188.8
2006,PA,Jefferson,asthma,98.7
2006,PA,Juniata,asthma,ND
2006,PA,Lackawanna,asthma,151.2
2006,PA,Lancaster,asthma,90.3
2006,PA,Lawrence,asthma,261.8
2006,PA,Lebanon,asthma,79.6
2006,PA,Lehigh,asthma,130.2
2006,PA,Luzerne,asthma,176.4
2006,PA,Lycoming,asthma,112.6
2006,PA,McKean,asthma,156.5
2006,PA,Mercer,asthma,145
2006,PA,Mifflin,asthma,134.2
2006,PA,Monroe,asthma,200.9
2006,PA,Montgomery,asthma,126.9
2006,PA,Montour,asthma,120.3
2006,PA,Northampton,asthma,176.8
2006,PA,Northumberland,asthma,102
2006,PA,Perry,asthma,109.5
2006,PA,Philadelphia,asthma,558.5
2006,PA,Pike,asthma,68.1
2006,PA,Potter,asthma,ND
2006,PA,Schuylkill,asthma,195.7
2006,PA,Snyder,asthma,51.1
2006,PA,Somerset,asthma,77.3
2006,PA,Sullivan,asthma,ND
2006,PA,Susquehanna,asthma,184.5
2006,PA,Tioga,asthma,88.1
2006,PA,Union,asthma,ND
2006,PA,Venango,asthma,118.5
2006,PA,Warren,asthma,ND
2006,PA,Washington,asthma,173
2006,PA,Wayne,asthma,100.8
2006,PA,Westmoreland,asthma,201.3
2006,PA,Wyoming,asthma,188.4
2006,PA,York,asthma,77.8
2005,PA,Adams,asthma,92
2005,PA,Allegheny,asthma,207
2005,PA,Armstrong,asthma,182.9
2005,PA,Beaver,asthma,198.8
2005,PA,Bedford,asthma,163.6
2005,PA,Berks,asthma,174
2005,PA,Blair,asthma,135.8
2005,PA,Bradford,asthma,94.1
2005,PA,Bucks,asthma,130.9
2005,PA,Butler,asthma,119.2
2005,PA,Cambria,asthma,123.9
2005,PA,Cameron,asthma,ND
2005,PA,Carbon,asthma,231.9
2005,PA,Centre,asthma,128.9
2005,PA,Chester,asthma,97.3
2005,PA,Clarion,asthma,134.8
2005,PA,Clearfield,asthma,98.4
2005,PA,Clinton,asthma,87.2
2005,PA,Columbia,asthma,151.4
2005,PA,Crawford,asthma,179.2
2005,PA,Cumberland,asthma,95.3
2005,PA,Dauphin,asthma,115.7
2005,PA,Delaware,asthma,196
2005,PA,Elk,asthma,121.9
2005,PA,Erie,asthma,113.1
2005,PA,Fayette,asthma,202
2005,PA,Forest,asthma,ND
2005,PA,Franklin,asthma,88.8
2005,PA,Fulton,asthma,193.1
2005,PA,Greene,asthma,120.9
2005,PA,Huntingdon,asthma,169.4
2005,PA,Indiana,asthma,201.9
2005,PA,Jefferson,asthma,115.3
2005,PA,Juniata,asthma,84.5
2005,PA,Lackawanna,asthma,168.9
2005,PA,Lancaster,asthma,97.8
2005,PA,Lawrence,asthma,303.1
2005,PA,Lebanon,asthma,70.6
2005,PA,Lehigh,asthma,158.9
2005,PA,Luzerne,asthma,167.4
2005,PA,Lycoming,asthma,72.4
2005,PA,McKean,asthma,176.5
2005,PA,Mercer,asthma,158.9
2005,PA,Mifflin,asthma,160.6
2005,PA,Monroe,asthma,138.7
2005,PA,Montgomery,asthma,129.3
2005,PA,Montour,asthma,141.5
2005,PA,Northampton,asthma,149
2005,PA,Northumberland,asthma,117.7
2005,PA,Perry,asthma,78.9
2005,PA,Philadelphia,asthma,504.1
2005,PA,Pike,asthma,68.7
2005,PA,Potter,asthma,ND
2005,PA,Schuylkill,asthma,168.2
2005,PA,Snyder,asthma,64.7
2005,PA,Somerset,asthma,113.2
2005,PA,Sullivan,asthma,ND
2005,PA,Susquehanna,asthma,224.8
2005,PA,Tioga,asthma,102.5
2005,PA,Union,asthma,56.6
2005,PA,Venango,asthma,161.4
2005,PA,Warren,asthma,69.4
2005,PA,Washington,asthma,189.5
2005,PA,Wayne,asthma,134.4
2005,PA,Westmoreland,asthma,213.8
2005,PA,Wyoming,asthma,172
2005,PA,York,asthma,77.9
2004,PA,Adams,asthma,86.1
2004,PA,Allegheny,asthma,178.7
2004,PA,Armstrong,asthma,158.7
2004,PA,Beaver,asthma,173
2004,PA,Bedford,asthma,159.8
2004,PA,Berks,asthma,160.7
2004,PA,Blair,asthma,129.9
2004,PA,Bradford,asthma,106.1
2004,PA,Bucks,asthma,119.9
2004,PA,Butler,asthma,96.9
2004,PA,Cambria,asthma,115.9
2004,PA,Cameron,asthma,ND
2004,PA,Carbon,asthma,167.9
2004,PA,Centre,asthma,96.4
2004,PA,Chester,asthma,92.4
2004,PA,Clarion,asthma,156.5
2004,PA,Clearfield,asthma,123.5
2004,PA,Clinton,asthma,50
2004,PA,Columbia,asthma,161.2
2004,PA,Crawford,asthma,131.2
2004,PA,Cumberland,asthma,103.2
2004,PA,Dauphin,asthma,97.4
2004,PA,Delaware,asthma,191.3
2004,PA,Elk,asthma,165.1
2004,PA,Erie,asthma,108.7
2004,PA,Fayette,asthma,180.9
2004,PA,Forest,asthma,ND
2004,PA,Franklin,asthma,111.3
2004,PA,Fulton,asthma,242.8
2004,PA,Greene,asthma,142.4
2004,PA,Huntingdon,asthma,129.4
2004,PA,Indiana,asthma,170.5
2004,PA,Jefferson,asthma,102.2
2004,PA,Juniata,asthma,ND
2004,PA,Lackawanna,asthma,149.4
2004,PA,Lancaster,asthma,98.7
2004,PA,Lawrence,asthma,294.1
2004,PA,Lebanon,asthma,93.5
2004,PA,Lehigh,asthma,153.5
2004,PA,Luzerne,asthma,132.8
2004,PA,Lycoming,asthma,82.9
2004,PA,McKean,asthma,197
2004,PA,Mercer,asthma,145
2004,PA,Mifflin,asthma,139.2
2004,PA,Monroe,asthma,149.2
2004,PA,Montgomery,asthma,123.1
2004,PA,Montour,asthma,129.6
2004,PA,Northampton,asthma,137.8
2004,PA,Northumberland,asthma,106.6
2004,PA,Perry,asthma,82.5
2004,PA,Philadelphia,asthma,488.1
2004,PA,Pike,asthma,76.7
2004,PA,Potter,asthma,ND
2004,PA,Schuylkill,asthma,158.2
2004,PA,Snyder,asthma,51.9
2004,PA,Somerset,asthma,92.1
2004,PA,Sullivan,asthma,ND
2004,PA,Susquehanna,asthma,233.3
2004,PA,Tioga,asthma,105.3
2004,PA,Union,asthma,57
2004,PA,Venango,asthma,188.7
2004,PA,Warren,asthma,52.9
2004,PA,Washington,asthma,199.9
2004,PA,Wayne,asthma,108.3
2004,PA,Westmoreland,asthma,208.5
2004,PA,Wyoming,asthma,188.3
2004,PA,York,asthma,79.3
2003,PA,Adams,asthma,150.7
2003,PA,Allegheny,asthma,188.7
2003,PA,Armstrong,asthma,172.7
2003,PA,Beaver,asthma,196.9
2003,PA,Bedford,asthma,164.6
2003,PA,Berks,asthma,206.3
2003,PA,Blair,asthma,168.6
2003,PA,Bradford,asthma,88.4
2003,PA,Bucks,asthma,134.2
2003,PA,Butler,asthma,101.8
2003,PA,Cambria,asthma,128.9
2003,PA,Cameron,asthma,ND
2003,PA,Carbon,asthma,253.7
2003,PA,Centre,asthma,113.6
2003,PA,Chester,asthma,107.9
2003,PA,Clarion,asthma,180.2
2003,PA,Clearfield,asthma,148.1
2003,PA,Clinton,asthma,73.9
2003,PA,Columbia,asthma,181.5
2003,PA,Crawford,asthma,158.2
2003,PA,Cumberland,asthma,126.4
2003,PA,Dauphin,asthma,119.3
2003,PA,Delaware,asthma,220.2
2003,PA,Elk,asthma,133.3
2003,PA,Erie,asthma,121.7
2003,PA,Fayette,asthma,216.2
2003,PA,Forest,asthma,ND
2003,PA,Franklin,asthma,109
2003,PA,Fulton,asthma,285.4
2003,PA,Greene,asthma,140.5
2003,PA,Huntingdon,asthma,188.6
2003,PA,Indiana,asthma,163.8
2003,PA,Jefferson,asthma,130.5
2003,PA,Juniata,asthma,97.5
2003,PA,Lackawanna,asthma,157.7
2003,PA,Lancaster,asthma,125.1
2003,PA,Lawrence,asthma,285
2003,PA,Lebanon,asthma,95.5
2003,PA,Lehigh,asthma,187.4
2003,PA,Luzerne,asthma,158.3
2003,PA,Lycoming,asthma,115.9
2003,PA,McKean,asthma,151.1
2003,PA,Mercer,asthma,147.5
2003,PA,Mifflin,asthma,203
2003,PA,Monroe,asthma,165.6
2003,PA,Montgomery,asthma,153.7
2003,PA,Montour,asthma,ND
2003,PA,Northampton,asthma,173.1
2003,PA,Northumberland,asthma,119.2
2003,PA,Perry,asthma,108.7
2003,PA,Philadelphia,asthma,545.1
2003,PA,Pike,asthma,91.6
2003,PA,Potter,asthma,135.5
2003,PA,Schuylkill,asthma,176.1
2003,PA,Snyder,asthma,53.9
2003,PA,Somerset,asthma,119.2
2003,PA,Sullivan,asthma,ND
2003,PA,Susquehanna,asthma,203.2
2003,PA,Tioga,asthma,121.1
2003,PA,Union,asthma,67.2
2003,PA,Venango,asthma,202.1
2003,PA,Warren,asthma,ND
2003,PA,Washington,asthma,191
2003,PA,Wayne,asthma,87.7
2003,PA,Westmoreland,asthma,229.2
2003,PA,Wyoming,asthma,147.7
2003,PA,York,asthma,105.2
2002,PA,Adams,asthma,102.7
2002,PA,Allegheny,asthma,161.2
2002,PA,Armstrong,asthma,145.3
2002,PA,Beaver,asthma,151.6
2002,PA,Bedford,asthma,150.9
2002,PA,Berks,asthma,190
2002,PA,Blair,asthma,113.8
2002,PA,Bradford,asthma,81.4
2002,PA,Bucks,asthma,107.4
2002,PA,Butler,asthma,100.3
2002,PA,Cambria,asthma,123.7
2002,PA,Cameron,asthma,ND
2002,PA,Carbon,asthma,214.6
2002,PA,Centre,asthma,78.6
2002,PA,Chester,asthma,89.6
2002,PA,Clarion,asthma,152.9
2002,PA,Clearfield,asthma,122.4
2002,PA,Clinton,asthma,49.3
2002,PA,Columbia,asthma,127.7
2002,PA,Crawford,asthma,123.9
2002,PA,Cumberland,asthma,109.3
2002,PA,Dauphin,asthma,119
2002,PA,Delaware,asthma,159
2002,PA,Elk,asthma,119.4
2002,PA,Erie,asthma,98.5
2002,PA,Fayette,asthma,219.3
2002,PA,Forest,asthma,ND
2002,PA,Franklin,asthma,121.5
2002,PA,Fulton,asthma,259
2002,PA,Greene,asthma,120.9
2002,PA,Huntingdon,asthma,120.6
2002,PA,Indiana,asthma,133.6
2002,PA,Jefferson,asthma,114
2002,PA,Juniata,asthma,127.5
2002,PA,Lackawanna,asthma,126.1
2002,PA,Lancaster,asthma,124.2
2002,PA,Lawrence,asthma,202.3
2002,PA,Lebanon,asthma,62.9
2002,PA,Lehigh,asthma,176.5
2002,PA,Luzerne,asthma,120.3
2002,PA,Lycoming,asthma,71.6
2002,PA,McKean,asthma,154.5
2002,PA,Mercer,asthma,137.9
2002,PA,Mifflin,asthma,125.2
2002,PA,Monroe,asthma,130.3
2002,PA,Montgomery,asthma,115.5
2002,PA,Montour,asthma,ND
2002,PA,Northampton,asthma,142.9
2002,PA,Northumberland,asthma,90.6
2002,PA,Perry,asthma,86.7
2002,PA,Philadelphia,asthma,454.9
2002,PA,Pike,asthma,66.4
2002,PA,Potter,asthma,ND
2002,PA,Schuylkill,asthma,143.8
2002,PA,Snyder,asthma,51.6
2002,PA,Somerset,asthma,75.9
2002,PA,Sullivan,asthma,ND
2002,PA,Susquehanna,asthma,189.2
2002,PA,Tioga,asthma,67.3
2002,PA,Union,asthma,ND
2002,PA,Venango,asthma,152.6
2002,PA,Warren,asthma,55.1
2002,PA,Washington,asthma,170.3
2002,PA,Wayne,asthma,109.7
2002,PA,Westmoreland,asthma,183.9
2002,PA,Wyoming,asthma,135.4
2002,PA,York,asthma,97.1
2001,PA,Adams,asthma,106.1
2001,PA,Allegheny,asthma,184
2001,PA,Armstrong,asthma,143.6
2001,PA,Beaver,asthma,127.4
2001,PA,Bedford,asthma,156.8
2001,PA,Berks,asthma,183.4
2001,PA,Blair,asthma,121.6
2001,PA,Bradford,asthma,64.3
2001,PA,Bucks,asthma,113.4
2001,PA,Butler,asthma,82.4
2001,PA,Cambria,asthma,131.6
2001,PA,Cameron,asthma,ND
2001,PA,Carbon,asthma,175.2
2001,PA,Centre,asthma,68.5
2001,PA,Chester,asthma,82.4
2001,PA,Clarion,asthma,159.6
2001,PA,Clearfield,asthma,118.8
2001,PA,Clinton,asthma,67.9
2001,PA,Columbia,asthma,155.3
2001,PA,Crawford,asthma,111.8
2001,PA,Cumberland,asthma,97.1
2001,PA,Dauphin,asthma,142.6
2001,PA,Delaware,asthma,176.2
2001,PA,Elk,asthma,94.1
2001,PA,Erie,asthma,100.6
2001,PA,Fayette,asthma,186.7
2001,PA,Forest,asthma,ND
2001,PA,Franklin,asthma,105.7
2001,PA,Fulton,asthma,232.8
2001,PA,Greene,asthma,118.9
2001,PA,Huntingdon,asthma,164.5
2001,PA,Indiana,asthma,139.4
2001,PA,Jefferson,asthma,103.2
2001,PA,Juniata,asthma,99.7
2001,PA,Lackawanna,asthma,145.1
2001,PA,Lancaster,asthma,108.5
2001,PA,Lawrence,asthma,209.9
2001,PA,Lebanon,asthma,65.1
2001,PA,Lehigh,asthma,147.5
2001,PA,Luzerne,asthma,101.5
2001,PA,Lycoming,asthma,61.9
2001,PA,McKean,asthma,144.6
2001,PA,Mercer,asthma,134.2
2001,PA,Mifflin,asthma,165.3
2001,PA,Monroe,asthma,111.5
2001,PA,Montgomery,asthma,123.9
2001,PA,Montour,asthma,ND
2001,PA,Northampton,asthma,152.2
2001,PA,Northumberland,asthma,106.1
2001,PA,Perry,asthma,84.7
2001,PA,Philadelphia,asthma,448.5
2001,PA,Pike,asthma,78.8
2001,PA,Potter,asthma,ND
2001,PA,Schuylkill,asthma,185.3
2001,PA,Snyder,asthma,97.4
2001,PA,Somerset,asthma,97.4
2001,PA,Sullivan,asthma,ND
2001,PA,Susquehanna,asthma,180.4
2001,PA,Tioga,asthma,83.2
2001,PA,Union,asthma,54.3
2001,PA,Venango,asthma,173
2001,PA,Warren,asthma,77.2
2001,PA,Washington,asthma,154.7
2001,PA,Wayne,asthma,76.6
2001,PA,Westmoreland,asthma,175.7
2001,PA,Wyoming,asthma,134.3
2001,PA,York,asthma,95.4
2000,PA,Adams,asthma,92.5
2000,PA,Allegheny,asthma,198.4
2000,PA,Armstrong,asthma,142.8
2000,PA,Beaver,asthma,141
2000,PA,Bedford,asthma,152.3
2000,PA,Berks,asthma,159.5
2000,PA,Blair,asthma,124.4
2000,PA,Bradford,asthma,116.9
2000,PA,Bucks,asthma,117.5
2000,PA,Butler,asthma,102.7
2000,PA,Cambria,asthma,117.8
2000,PA,Cameron,asthma,ND
2000,PA,Carbon,asthma,222.2
2000,PA,Centre,asthma,77.6
2000,PA,Chester,asthma,89
2000,PA,Clarion,asthma,117.8
2000,PA,Clearfield,asthma,152.2
2000,PA,Clinton,asthma,ND
2000,PA,Columbia,asthma,140.2
2000,PA,Crawford,asthma,164.5
2000,PA,Cumberland,asthma,95.4
2000,PA,Dauphin,asthma,119.9
2000,PA,Delaware,asthma,164.2
2000,PA,Elk,asthma,79.5
2000,PA,Erie,asthma,103.6
2000,PA,Fayette,asthma,193.7
2000,PA,Forest,asthma,ND
2000,PA,Franklin,asthma,74.9
2000,PA,Fulton,asthma,147
2000,PA,Greene,asthma,100.9
2000,PA,Huntingdon,asthma,186.4
2000,PA,Indiana,asthma,144.3
2000,PA,Jefferson,asthma,164.8
2000,PA,Juniata,asthma,ND
2000,PA,Lackawanna,asthma,120
2000,PA,Lancaster,asthma,99.2
2000,PA,Lawrence,asthma,256.4
2000,PA,Lebanon,asthma,62
2000,PA,Lehigh,asthma,141.9
2000,PA,Luzerne,asthma,149.4
2000,PA,Lycoming,asthma,76.8
2000,PA,McKean,asthma,120.6
2000,PA,Mercer,asthma,163.7
2000,PA,Mifflin,asthma,136.1
2000,PA,Monroe,asthma,134.1
2000,PA,Montgomery,asthma,110.2
2000,PA,Montour,asthma,148.3
2000,PA,Northampton,asthma,139.2
2000,PA,Northumberland,asthma,78.5
2000,PA,Perry,asthma,99.5
2000,PA,Philadelphia,asthma,399.3
2000,PA,Pike,asthma,57.1
2000,PA,Potter,asthma,ND
2000,PA,Schuylkill,asthma,143.5
2000,PA,Snyder,asthma,ND
2000,PA,Somerset,asthma,87.2
2000,PA,Sullivan,asthma,ND
2000,PA,Susquehanna,asthma,164.2
2000,PA,Tioga,asthma,76.4
2000,PA,Union,asthma,69.8
2000,PA,Venango,asthma,179.4
2000,PA,Warren,asthma,43
2000,PA,Washington,asthma,155.5
2000,PA,Wayne,asthma,131.3
2000,PA,Westmoreland,asthma,175.9
2000,PA,Wyoming,asthma,161.6
2000,PA,York,asthma,82.6
